{
"type": "FeatureCollection",
"name": "EEA_high_search_effort",
"crs": { "type": "name", "properties": { "name": "urn:ogc:def:crs:OGC:1.3:CRS84" } },
"features": [
{ "type": "Feature", "properties": { "CELLCODE": "1kmE3888N3087", "EOFORIGIN": 3888000.0, "NOFORIGIN": 3087000.0 }, "geometry": { "type": "Polygon", "coordinates": [ [ [ 3.859019344535022, 50.731043822491941 ], [ 3.857840391985602, 50.739996997551181 ], [ 3.871964999572927, 50.740749731376091 ], [ 3.873141273366049, 50.731796390695912 ], [ 3.859019344535022, 50.731043822491941 ] ] ] } },
{ "type": "Feature", "properties": { "CELLCODE": "1kmE3889N3087", "EOFORIGIN": 3889000.0, "NOFORIGIN": 3087000.0 }, "geometry": { "type": "Polygon", "coordinates": [ [ [ 3.873141273366049, 50.731796390695912 ], [ 3.871964999572927, 50.740749731376091 ], [ 3.886090024180359, 50.741500736711721 ], [ 3.887263618915196, 50.732547230784476 ], [ 3.873141273366049, 50.731796390695912 ] ] ] } },
{ "type": "Feature", "properties": { "CELLCODE": "1kmE3889N3088", "EOFORIGIN": 3889000.0, "NOFORIGIN": 3088000.0 }, "geometry": { "type": "Polygon", "coordinates": [ [ [ 3.871964999572927, 50.740749731376091 ], [ 3.870788165602316, 50.749703035223781 ], [ 3.884915870524102, 50.750454205887358 ], [ 3.886090024180359, 50.741500736711721 ], [ 3.871964999572927, 50.740749731376091 ] ] ] } },
{ "type": "Feature", "properties": { "CELLCODE": "1kmE3890N3087", "EOFORIGIN": 3890000.0, "NOFORIGIN": 3087000.0 }, "geometry": { "type": "Polygon", "coordinates": [ [ [ 3.887263618915196, 50.732547230784476 ], [ 3.886090024180359, 50.741500736711721 ], [ 3.900215464874317, 50.742250013475868 ], [ 3.901386380249556, 50.733296342675551 ], [ 3.887263618915196, 50.732547230784476 ] ] ] } },
{ "type": "Feature", "properties": { "CELLCODE": "1kmE3890N3088", "EOFORIGIN": 3890000.0, "NOFORIGIN": 3088000.0 }, "geometry": { "type": "Polygon", "coordinates": [ [ [ 3.886090024180359, 50.741500736711721 ], [ 3.884915870524102, 50.750454205887358 ], [ 3.899043991834012, 50.75120364760533 ], [ 3.900215464874317, 50.742250013475868 ], [ 3.886090024180359, 50.741500736711721 ] ] ] } },
{ "type": "Feature", "properties": { "CELLCODE": "1kmE3891N3083", "EOFORIGIN": 3891000.0, "NOFORIGIN": 3083000.0 }, "geometry": { "type": "Polygon", "coordinates": [ [ [ 3.906064472721429, 50.697481291882831 ], [ 3.904895784196547, 50.706435109808034 ], [ 3.919010928933593, 50.707182000405219 ], [ 3.920176942816341, 50.698228018302622 ], [ 3.906064472721429, 50.697481291882831 ] ] ] } },
{ "type": "Feature", "properties": { "CELLCODE": "1kmE3892N3088", "EOFORIGIN": 3892000.0, "NOFORIGIN": 3088000.0 }, "geometry": { "type": "Polygon", "coordinates": [ [ [ 3.914341320721014, 50.742997561586535 ], [ 3.913172528597591, 50.751951360295628 ], [ 3.927301479880166, 50.752697343876349 ], [ 3.928467590786433, 50.743743380961888 ], [ 3.914341320721014, 50.742997561586535 ] ] ] } },
{ "type": "Feature", "properties": { "CELLCODE": "1kmE3893N3088", "EOFORIGIN": 3893000.0, "NOFORIGIN": 3088000.0 }, "geometry": { "type": "Polygon", "coordinates": [ [ [ 3.928467590786433, 50.743743380961888 ], [ 3.927301479880166, 50.752697343876349 ], [ 3.941430844746848, 50.753441598265795 ], [ 3.942594274136353, 50.744487471520316 ], [ 3.928467590786433, 50.743743380961888 ] ] ] } },
{ "type": "Feature", "properties": { "CELLCODE": "1kmE3894N3088", "EOFORIGIN": 3894000.0, "NOFORIGIN": 3088000.0 }, "geometry": { "type": "Polygon", "coordinates": [ [ [ 3.942594274136353, 50.744487471520316 ], [ 3.941430844746848, 50.753441598265795 ], [ 3.95556062226253, 50.754184123382444 ], [ 3.956721369836331, 50.745229833180325 ], [ 3.942594274136353, 50.744487471520316 ] ] ] } },
{ "type": "Feature", "properties": { "CELLCODE": "1kmE3896N3075", "EOFORIGIN": 3896000.0, "NOFORIGIN": 3075000.0 }, "geometry": { "type": "Polygon", "coordinates": [ [ [ 3.985853689356197, 50.629559256430419 ], [ 3.984702762508043, 50.638514184690045 ], [ 3.998798589049144, 50.639251142015105 ], [ 3.999946849774353, 50.630296052079103 ], [ 3.985853689356197, 50.629559256430419 ] ] ] } },
{ "type": "Feature", "properties": { "CELLCODE": "1kmE3896N3088", "EOFORIGIN": 3896000.0, "NOFORIGIN": 3088000.0 }, "geometry": { "type": "Polygon", "coordinates": [ [ [ 3.970848876951707, 50.745970465860651 ], [ 3.969690811491889, 50.754924919144969 ], [ 3.983821411499391, 50.755663985472211 ], [ 3.984976794547614, 50.746709369480207 ], [ 3.970848876951707, 50.745970465860651 ] ] ] } },
{ "type": "Feature", "properties": { "CELLCODE": "1kmE3897N3069", "EOFORIGIN": 3897000.0, "NOFORIGIN": 3069000.0 }, "geometry": { "type": "Polygon", "coordinates": [ [ [ 4.00682497674431, 50.576564738751273 ], [ 4.005679981986727, 50.585520049970896 ], [ 4.019760234727263, 50.586254315990821 ], [ 4.020902570540382, 50.577298843938891 ], [ 4.00682497674431, 50.576564738751273 ] ] ] } },
{ "type": "Feature", "properties": { "CELLCODE": "1kmE3897N3074", "EOFORIGIN": 3897000.0, "NOFORIGIN": 3074000.0 }, "geometry": { "type": "Polygon", "coordinates": [ [ [ 4.001094565243253, 50.621340925374028 ], [ 3.999946849774353, 50.630296052079103 ], [ 4.014040415902416, 50.631031123439229 ], [ 4.01518546620235, 50.622075835508774 ], [ 4.001094565243253, 50.621340925374028 ] ] ] } },
{ "type": "Feature", "properties": { "CELLCODE": "1kmE3897N3075", "EOFORIGIN": 3897000.0, "NOFORIGIN": 3075000.0 }, "geometry": { "type": "Polygon", "coordinates": [ [ [ 3.999946849774353, 50.630296052079103 ], [ 3.998798589049144, 50.639251142015105 ], [ 4.012894821593564, 50.639986374679367 ], [ 4.014040415902416, 50.631031123439229 ], [ 3.999946849774353, 50.630296052079103 ] ] ] } },
{ "type": "Feature", "properties": { "CELLCODE": "1kmE3897N3081", "EOFORIGIN": 3897000.0, "NOFORIGIN": 3081000.0 }, "geometry": { "type": "Polygon", "coordinates": [ [ [ 3.993049093541205, 50.684026041719434 ], [ 3.991897553450971, 50.692980911977067 ], [ 4.006009810735495, 50.693717114123395 ], [ 4.007158676907491, 50.684762082087857 ], [ 3.993049093541205, 50.684026041719434 ] ] ] } },
{ "type": "Feature", "properties": { "CELLCODE": "1kmE3897N3090", "EOFORIGIN": 3897000.0, "NOFORIGIN": 3090000.0 }, "geometry": { "type": "Polygon", "coordinates": [ [ [ 3.982665477953372, 50.764618565318465 ], [ 3.981508993532558, 50.773573109063385 ], [ 3.995645372577759, 50.774310770779273 ], [ 3.996799171770937, 50.765356064542111 ], [ 3.982665477953372, 50.764618565318465 ] ] ] } },
{ "type": "Feature", "properties": { "CELLCODE": "1kmE3897N3091", "EOFORIGIN": 3897000.0, "NOFORIGIN": 3091000.0 }, "geometry": { "type": "Polygon", "coordinates": [ [ [ 3.981508993532558, 50.773573109063385 ], [ 3.98035195785961, 50.78252761675143 ], [ 3.994491023393261, 50.783265441039205 ], [ 3.995645372577759, 50.774310770779273 ], [ 3.981508993532558, 50.773573109063385 ] ] ] } },
{ "type": "Feature", "properties": { "CELLCODE": "1kmE3898N3076", "EOFORIGIN": 3898000.0, "NOFORIGIN": 3076000.0 }, "geometry": { "type": "Polygon", "coordinates": [ [ [ 4.012894821593564, 50.639986374679367 ], [ 4.01174868290448, 50.648941589273868 ], [ 4.025847988482457, 50.649675258207814 ], [ 4.026991459213932, 50.640719882602838 ], [ 4.012894821593564, 50.639986374679367 ] ] ] } },
{ "type": "Feature", "properties": { "CELLCODE": "1kmE3898N3077", "EOFORIGIN": 3898000.0, "NOFORIGIN": 3077000.0 }, "geometry": { "type": "Polygon", "coordinates": [ [ [ 4.01174868290448, 50.648941589273868 ], [ 4.010601999463503, 50.657896767267353 ], [ 4.024703974248419, 50.658630597290482 ], [ 4.025847988482457, 50.649675258207814 ], [ 4.01174868290448, 50.648941589273868 ] ] ] } },
{ "type": "Feature", "properties": { "CELLCODE": "1kmE3898N3080", "EOFORIGIN": 3898000.0, "NOFORIGIN": 3080000.0 }, "geometry": { "type": "Polygon", "coordinates": [ [ [ 4.008306996837526, 50.675807013629736 ], [ 4.007158676907491, 50.684762082087857 ], [ 4.021268666817557, 50.685496395851281 ], [ 4.022414313787651, 50.676541166067551 ], [ 4.008306996837526, 50.675807013629736 ] ] ] } },
{ "type": "Feature", "properties": { "CELLCODE": "1kmE3898N3081", "EOFORIGIN": 3898000.0, "NOFORIGIN": 3081000.0 }, "geometry": { "type": "Polygon", "coordinates": [ [ [ 4.007158676907491, 50.684762082087857 ], [ 4.006009810735495, 50.693717114123395 ], [ 4.020122474858177, 50.69445158929134 ], [ 4.021268666817557, 50.685496395851281 ], [ 4.007158676907491, 50.684762082087857 ] ] ] } },
{ "type": "Feature", "properties": { "CELLCODE": "1kmE3898N3087", "EOFORIGIN": 3898000.0, "NOFORIGIN": 3087000.0 }, "geometry": { "type": "Polygon", "coordinates": [ [ [ 4.000257273165766, 50.738491729522231 ], [ 3.999105121688962, 50.747446543958091 ], [ 4.013233857440447, 50.748181989213556 ], [ 4.014383327170974, 50.739227012898503 ], [ 4.000257273165766, 50.738491729522231 ] ] ] } },
{ "type": "Feature", "properties": { "CELLCODE": "1kmE3899N3066", "EOFORIGIN": 3899000.0, "NOFORIGIN": 3066000.0 }, "geometry": { "type": "Polygon", "coordinates": [ [ [ 4.038396355300197, 50.551164107989422 ], [ 4.037258299255295, 50.560119851277051 ], [ 4.051331382868765, 50.560850192163201 ], [ 4.052466783113914, 50.551894289019927 ], [ 4.038396355300197, 50.551164107989422 ] ] ] } },
{ "type": "Feature", "properties": { "CELLCODE": "1kmE3899N3079", "EOFORIGIN": 3899000.0, "NOFORIGIN": 3079000.0 }, "geometry": { "type": "Polygon", "coordinates": [ [ [ 4.023559416140654, 50.667585899895492 ], [ 4.022414313787651, 50.676541166067551 ], [ 4.036522036057238, 50.677273592193472 ], [ 4.037664466408959, 50.668318165147767 ], [ 4.023559416140654, 50.667585899895492 ] ] ] } },
{ "type": "Feature", "properties": { "CELLCODE": "1kmE3899N3080", "EOFORIGIN": 3899000.0, "NOFORIGIN": 3080000.0 }, "geometry": { "type": "Polygon", "coordinates": [ [ [ 4.022414313787651, 50.676541166067551 ], [ 4.021268666817557, 50.685496395851281 ], [ 4.035379062340532, 50.686228982929578 ], [ 4.036522036057238, 50.677273592193472 ], [ 4.022414313787651, 50.676541166067551 ] ] ] } },
{ "type": "Feature", "properties": { "CELLCODE": "1kmE3899N3086", "EOFORIGIN": 3899000.0, "NOFORIGIN": 3086000.0 }, "geometry": { "type": "Polygon", "coordinates": [ [ [ 4.015532249671796, 50.730272000507469 ], [ 4.014383327170974, 50.739227012898503 ], [ 4.028509788555465, 50.739960567346358 ], [ 4.029656030272645, 50.731005393529699 ], [ 4.015532249671796, 50.730272000507469 ] ] ] } },
{ "type": "Feature", "properties": { "CELLCODE": "1kmE3900N3080", "EOFORIGIN": 3900000.0, "NOFORIGIN": 3080000.0 }, "geometry": { "type": "Polygon", "coordinates": [ [ [ 4.036522036057238, 50.677273592193472 ], [ 4.035379062340532, 50.686228982929578 ], [ 4.049489862545327, 50.686959843242796 ], [ 4.050630162715858, 50.678004291927671 ], [ 4.036522036057238, 50.677273592193472 ] ] ] } },
{ "type": "Feature", "properties": { "CELLCODE": "1kmE3900N3081", "EOFORIGIN": 3900000.0, "NOFORIGIN": 3081000.0 }, "geometry": { "type": "Polygon", "coordinates": [ [ [ 4.035379062340532, 50.686228982929578 ], [ 4.034235544887482, 50.695184337400718 ], [ 4.048349019891668, 50.69591535837155 ], [ 4.049489862545327, 50.686959843242796 ], [ 4.035379062340532, 50.686228982929578 ] ] ] } },
{ "type": "Feature", "properties": { "CELLCODE": "1kmE3901N3067", "EOFORIGIN": 3901000.0, "NOFORIGIN": 3067000.0 }, "geometry": { "type": "Polygon", "coordinates": [ [ [ 4.065404867089469, 50.561578811494542 ], [ 4.064271585606298, 50.570534837308799 ], [ 4.078348127131131, 50.571261894197995 ], [ 4.079478750995301, 50.562305709192181 ], [ 4.065404867089469, 50.561578811494542 ] ] ] } },
{ "type": "Feature", "properties": { "CELLCODE": "1kmE3901N3073", "EOFORIGIN": 3901000.0, "NOFORIGIN": 3073000.0 }, "geometry": { "type": "Polygon", "coordinates": [ [ [ 4.058597105462701, 50.615314415742894 ], [ 4.057460592318606, 50.624270221616293 ], [ 4.071553105682097, 50.624998235288139 ], [ 4.072686953738851, 50.616042269756271 ], [ 4.058597105462701, 50.615314415742894 ] ] ] } },
{ "type": "Feature", "properties": { "CELLCODE": "1kmE3901N3079", "EOFORIGIN": 3901000.0, "NOFORIGIN": 3079000.0 }, "geometry": { "type": "Polygon", "coordinates": [ [ [ 4.051769920773782, 50.669048704381424 ], [ 4.050630162715858, 50.678004291927671 ], [ 4.06473869283287, 50.678733265190431 ], [ 4.06587577830514, 50.669777517516856 ], [ 4.051769920773782, 50.669048704381424 ] ] ] } },
{ "type": "Feature", "properties": { "CELLCODE": "1kmE3901N3081", "EOFORIGIN": 3901000.0, "NOFORIGIN": 3081000.0 }, "geometry": { "type": "Polygon", "coordinates": [ [ [ 4.049489862545327, 50.686959843242796 ], [ 4.048349019891668, 50.69591535837155 ], [ 4.062462898938762, 50.696644652123979 ], [ 4.063601066500641, 50.687688976711193 ], [ 4.049489862545327, 50.686959843242796 ] ] ] } },
{ "type": "Feature", "properties": { "CELLCODE": "1kmE3901N3084", "EOFORIGIN": 3901000.0, "NOFORIGIN": 3084000.0 }, "geometry": { "type": "Polygon", "coordinates": [ [ [ 4.046065705651158, 50.713826280248909 ], [ 4.044923233321551, 50.722781687086979 ], [ 4.05904514517329, 50.723511462162357 ], [ 4.060184938645627, 50.714555894804768 ], [ 4.046065705651158, 50.713826280248909 ] ] ] } },
{ "type": "Feature", "properties": { "CELLCODE": "1kmE3901N3085", "EOFORIGIN": 3901000.0, "NOFORIGIN": 3085000.0 }, "geometry": { "type": "Polygon", "coordinates": [ [ [ 4.044923233321551, 50.722781687086979 ], [ 4.043780217023302, 50.731737057917577 ], [ 4.05790480898915, 50.732466993591075 ], [ 4.05904514517329, 50.723511462162357 ], [ 4.044923233321551, 50.722781687086979 ] ] ] } },
{ "type": "Feature", "properties": { "CELLCODE": "1kmE3902N3069", "EOFORIGIN": 3902000.0, "NOFORIGIN": 3069000.0 }, "geometry": { "type": "Polygon", "coordinates": [ [ [ 4.07721696681669, 50.58021804251252 ], [ 4.076085269686357, 50.589174154180711 ], [ 4.090167529805585, 50.589899806859769 ], [ 4.091296566542259, 50.580943536216076 ], [ 4.07721696681669, 50.58021804251252 ] ] ] } },
{ "type": "Feature", "properties": { "CELLCODE": "1kmE3902N3070", "EOFORIGIN": 3902000.0, "NOFORIGIN": 3070000.0 }, "geometry": { "type": "Polygon", "coordinates": [ [ [ 4.076085269686357, 50.589174154180711 ], [ 4.074953035374191, 50.598130229247452 ], [ 4.089037957131644, 50.598856040979641 ], [ 4.090167529805585, 50.589899806859769 ], [ 4.076085269686357, 50.589174154180711 ] ] ] } },
{ "type": "Feature", "properties": { "CELLCODE": "1kmE3902N3079", "EOFORIGIN": 3902000.0, "NOFORIGIN": 3079000.0 }, "geometry": { "type": "Polygon", "coordinates": [ [ [ 4.06587577830514, 50.669777517516856 ], [ 4.06473869283287, 50.678733265190431 ], [ 4.078847625477436, 50.679460511902221 ], [ 4.079982038072854, 50.670504604474587 ], [ 4.06587577830514, 50.669777517516856 ] ] ] } },
{ "type": "Feature", "properties": { "CELLCODE": "1kmE3902N3080", "EOFORIGIN": 3902000.0, "NOFORIGIN": 3080000.0 }, "geometry": { "type": "Polygon", "coordinates": [ [ [ 4.06473869283287, 50.678733265190431 ], [ 4.063601066500641, 50.687688976711193 ], [ 4.07771267327497, 50.688416383255209 ], [ 4.078847625477436, 50.679460511902221 ], [ 4.06473869283287, 50.678733265190431 ] ] ] } },
{ "type": "Feature", "properties": { "CELLCODE": "1kmE3902N3081", "EOFORIGIN": 3902000.0, "NOFORIGIN": 3081000.0 }, "geometry": { "type": "Polygon", "coordinates": [ [ [ 4.063601066500641, 50.687688976711193 ], [ 4.062462898938762, 50.696644652123979 ], [ 4.076577181096606, 50.697372218578401 ], [ 4.07771267327497, 50.688416383255209 ], [ 4.063601066500641, 50.687688976711193 ] ] ] } },
{ "type": "Feature", "properties": { "CELLCODE": "1kmE3903N3073", "EOFORIGIN": 3903000.0, "NOFORIGIN": 3073000.0 }, "geometry": { "type": "Polygon", "coordinates": [ [ [ 4.086777202509799, 50.61676839982777 ], [ 4.085646019829971, 50.625724524645939 ], [ 4.099739333835137, 50.626449089610674 ], [ 4.100867850849097, 50.617492805878484 ], [ 4.086777202509799, 50.61676839982777 ] ] ] } },
{ "type": "Feature", "properties": { "CELLCODE": "1kmE3903N3079", "EOFORIGIN": 3903000.0, "NOFORIGIN": 3079000.0 }, "geometry": { "type": "Polygon", "coordinates": [ [ [ 4.079982038072854, 50.670504604474587 ], [ 4.078847625477436, 50.679460511902221 ], [ 4.092956959718491, 50.68018603198373 ], [ 4.094088699146523, 50.67122996517535 ], [ 4.079982038072854, 50.670504604474587 ] ] ] } },
{ "type": "Feature", "properties": { "CELLCODE": "1kmE3903N3080", "EOFORIGIN": 3903000.0, "NOFORIGIN": 3080000.0 }, "geometry": { "type": "Polygon", "coordinates": [ [ [ 4.078847625477436, 50.679460511902221 ], [ 4.07771267327497, 50.688416383255209 ], [ 4.091824681936592, 50.689142062795426 ], [ 4.092956959718491, 50.68018603198373 ], [ 4.078847625477436, 50.679460511902221 ] ] ] } },
{ "type": "Feature", "properties": { "CELLCODE": "1kmE3903N3083", "EOFORIGIN": 3903000.0, "NOFORIGIN": 3083000.0 }, "geometry": { "type": "Polygon", "coordinates": [ [ [ 4.075441148573166, 50.706328017916661 ], [ 4.074304575335116, 50.715283781314852 ], [ 4.088424614785922, 50.716009939699568 ], [ 4.089558509838821, 50.707054016608438 ], [ 4.075441148573166, 50.706328017916661 ] ] ] } },
{ "type": "Feature", "properties": { "CELLCODE": "1kmE3904N3068", "EOFORIGIN": 3904000.0, "NOFORIGIN": 3068000.0 }, "geometry": { "type": "Polygon", "coordinates": [ [ [ 4.106502406410105, 50.572710841647002 ], [ 4.105376564683099, 50.581667307386063 ], [ 4.119456960315174, 50.582389355943995 ], [ 4.120580142317704, 50.573432732049774 ], [ 4.106502406410105, 50.572710841647002 ] ] ] } },
{ "type": "Feature", "properties": { "CELLCODE": "1kmE3904N3074", "EOFORIGIN": 3904000.0, "NOFORIGIN": 3074000.0 }, "geometry": { "type": "Polygon", "coordinates": [ [ [ 4.099739333835137, 50.626449089610674 ], [ 4.098610280668222, 50.635405337076477 ], [ 4.112706660805938, 50.636128336188598 ], [ 4.11383304677028, 50.627171930103593 ], [ 4.099739333835137, 50.626449089610674 ] ] ] } },
{ "type": "Feature", "properties": { "CELLCODE": "1kmE3904N3081", "EOFORIGIN": 3904000.0, "NOFORIGIN": 3081000.0 }, "geometry": { "type": "Polygon", "coordinates": [ [ [ 4.091824681936592, 50.689142062795426 ], [ 4.090691865432817, 50.698098057655351 ], [ 4.104806951014806, 50.698822169275573 ], [ 4.105937091553582, 50.689866015252633 ], [ 4.091824681936592, 50.689142062795426 ] ] ] } },
{ "type": "Feature", "properties": { "CELLCODE": "1kmE3904N3084", "EOFORIGIN": 3904000.0, "NOFORIGIN": 3084000.0 }, "geometry": { "type": "Polygon", "coordinates": [ [ [ 4.088424614785922, 50.716009939699568 ], [ 4.087290179905081, 50.724965826973623 ], [ 4.101413300916185, 50.725690416550449 ], [ 4.102545056064125, 50.716734369879539 ], [ 4.088424614785922, 50.716009939699568 ] ] ] } },
{ "type": "Feature", "properties": { "CELLCODE": "1kmE3905N3066", "EOFORIGIN": 3905000.0, "NOFORIGIN": 3066000.0 }, "geometry": { "type": "Polygon", "coordinates": [ [ [ 4.122824908523318, 50.555519374838347 ], [ 4.121702791599487, 50.564476071696241 ], [ 4.135778265020715, 50.565196082073392 ], [ 4.136897724420344, 50.556239227585714 ], [ 4.122824908523318, 50.555519374838347 ] ] ] } },
{ "type": "Feature", "properties": { "CELLCODE": "1kmE3905N3074", "EOFORIGIN": 3905000.0, "NOFORIGIN": 3074000.0 }, "geometry": { "type": "Polygon", "coordinates": [ [ [ 4.11383304677028, 50.627171930103593 ], [ 4.112706660805938, 50.636128336188598 ], [ 4.126803439234, 50.636849610377716 ], [ 4.127927157707879, 50.62789304604604 ], [ 4.11383304677028, 50.627171930103593 ] ] ] } },
{ "type": "Feature", "properties": { "CELLCODE": "1kmE3905N3078", "EOFORIGIN": 3905000.0, "NOFORIGIN": 3078000.0 }, "geometry": { "type": "Polygon", "coordinates": [ [ [ 4.109324289832726, 50.662997337760459 ], [ 4.108195760595543, 50.671953599540053 ], [ 4.122303221489103, 50.672675507489799 ], [ 4.123429078232688, 50.663719087153844 ], [ 4.109324289832726, 50.662997337760459 ] ] ] } },
{ "type": "Feature", "properties": { "CELLCODE": "1kmE3906N3066", "EOFORIGIN": 3906000.0, "NOFORIGIN": 3066000.0 }, "geometry": { "type": "Polygon", "coordinates": [ [ [ 4.136897724420344, 50.556239227585714 ], [ 4.135778265020715, 50.565196082073392 ], [ 4.149854133513477, 50.565914370424935 ], [ 4.150970935103782, 50.556957358678623 ], [ 4.136897724420344, 50.556239227585714 ] ] ] } },
{ "type": "Feature", "properties": { "CELLCODE": "1kmE3906N3067", "EOFORIGIN": 3906000.0, "NOFORIGIN": 3067000.0 }, "geometry": { "type": "Polygon", "coordinates": [ [ [ 4.135778265020715, 50.565196082073392 ], [ 4.134658274506006, 50.574152900133626 ], [ 4.148736802051224, 50.574871345820512 ], [ 4.149854133513477, 50.565914370424935 ], [ 4.135778265020715, 50.565196082073392 ] ] ] } },
{ "type": "Feature", "properties": { "CELLCODE": "1kmE3906N3068", "EOFORIGIN": 3906000.0, "NOFORIGIN": 3068000.0 }, "geometry": { "type": "Polygon", "coordinates": [ [ [ 4.134658274506006, 50.574152900133626 ], [ 4.133537752514254, 50.583109681811536 ], [ 4.147618940355897, 50.583828284910567 ], [ 4.148736802051224, 50.574871345820512 ], [ 4.134658274506006, 50.574152900133626 ] ] ] } },
{ "type": "Feature", "properties": { "CELLCODE": "1kmE3906N3078", "EOFORIGIN": 3906000.0, "NOFORIGIN": 3078000.0 }, "geometry": { "type": "Polygon", "coordinates": [ [ [ 4.123429078232688, 50.663719087153844 ], [ 4.122303221489103, 50.672675507489799 ], [ 4.136411080896179, 50.673395688945817 ], [ 4.137534264857878, 50.664439110426834 ], [ 4.123429078232688, 50.663719087153844 ] ] ] } },
{ "type": "Feature", "properties": { "CELLCODE": "1kmE3907N3064", "EOFORIGIN": 3907000.0, "NOFORIGIN": 3064000.0 }, "geometry": { "type": "Polygon", "coordinates": [ [ [ 4.153202950111419, 50.539043225953058 ], [ 4.152087207182941, 50.548000310536423 ], [ 4.166158154878893, 50.548716563086295 ], [ 4.167271242197887, 50.539759321768543 ], [ 4.153202950111419, 50.539043225953058 ] ] ] } },
{ "type": "Feature", "properties": { "CELLCODE": "1kmE3907N3065", "EOFORIGIN": 3907000.0, "NOFORIGIN": 3065000.0 }, "geometry": { "type": "Polygon", "coordinates": [ [ [ 4.152087207182941, 50.548000310536423 ], [ 4.150970935103782, 50.556957358678623 ], [ 4.165044539650956, 50.557673768039365 ], [ 4.166158154878893, 50.548716563086295 ], [ 4.152087207182941, 50.548000310536423 ] ] ] } },
{ "type": "Feature", "properties": { "CELLCODE": "1kmE3907N3066", "EOFORIGIN": 3907000.0, "NOFORIGIN": 3066000.0 }, "geometry": { "type": "Polygon", "coordinates": [ [ [ 4.150970935103782, 50.556957358678623 ], [ 4.149854133513477, 50.565914370424935 ], [ 4.163930396154437, 50.566630936673 ], [ 4.165044539650956, 50.557673768039365 ], [ 4.150970935103782, 50.556957358678623 ] ] ] } },
{ "type": "Feature", "properties": { "CELLCODE": "1kmE3907N3067", "EOFORIGIN": 3907000.0, "NOFORIGIN": 3067000.0 }, "geometry": { "type": "Polygon", "coordinates": [ [ [ 4.149854133513477, 50.565914370424935 ], [ 4.148736802051224, 50.574871345820512 ], [ 4.162815724029371, 50.575588069032499 ], [ 4.163930396154437, 50.566630936673 ], [ 4.149854133513477, 50.565914370424935 ] ] ] } },
{ "type": "Feature", "properties": { "CELLCODE": "1kmE3907N3070", "EOFORIGIN": 3907000.0, "NOFORIGIN": 3070000.0 }, "geometry": { "type": "Polygon", "coordinates": [ [ [ 4.146500548066029, 50.592785187740304 ], [ 4.145381624819825, 50.601742054354908 ], [ 4.159468532278221, 50.60245924891862 ], [ 4.160584792452062, 50.593502225110072 ], [ 4.146500548066029, 50.592785187740304 ] ] ] } },
{ "type": "Feature", "properties": { "CELLCODE": "1kmE3907N3071", "EOFORIGIN": 3907000.0, "NOFORIGIN": 3071000.0 }, "geometry": { "type": "Polygon", "coordinates": [ [ [ 4.145381624819825, 50.601742054354908 ], [ 4.144262170255155, 50.610698884799554 ], [ 4.158351742032633, 50.611416236634007 ], [ 4.159468532278221, 50.60245924891862 ], [ 4.145381624819825, 50.601742054354908 ] ] ] } },
{ "type": "Feature", "properties": { "CELLCODE": "1kmE3907N3079", "EOFORIGIN": 3907000.0, "NOFORIGIN": 3079000.0 }, "geometry": { "type": "Polygon", "coordinates": [ [ [ 4.136411080896179, 50.673395688945817 ], [ 4.135287362706907, 50.682352231655898 ], [ 4.149398294019179, 50.683070844426553 ], [ 4.15051933788554, 50.674114143829627 ], [ 4.136411080896179, 50.673395688945817 ] ] ] } },
{ "type": "Feature", "properties": { "CELLCODE": "1kmE3908N3065", "EOFORIGIN": 3908000.0, "NOFORIGIN": 3065000.0 }, "geometry": { "type": "Polygon", "coordinates": [ [ [ 4.166158154878893, 50.548716563086295 ], [ 4.165044539650956, 50.557673768039365 ], [ 4.179118537138974, 50.558388455590254 ], [ 4.180229495232139, 50.549431094197473 ], [ 4.166158154878893, 50.548716563086295 ] ] ] } },
{ "type": "Feature", "properties": { "CELLCODE": "1kmE3908N3066", "EOFORIGIN": 3908000.0, "NOFORIGIN": 3066000.0 }, "geometry": { "type": "Polygon", "coordinates": [ [ [ 4.165044539650956, 50.557673768039365 ], [ 4.163930396154437, 50.566630936673 ], [ 4.178007052020057, 50.567345780739963 ], [ 4.179118537138974, 50.558388455590254 ], [ 4.165044539650956, 50.557673768039365 ] ] ] } },
{ "type": "Feature", "properties": { "CELLCODE": "1kmE3908N3067", "EOFORIGIN": 3908000.0, "NOFORIGIN": 3067000.0 }, "geometry": { "type": "Polygon", "coordinates": [ [ [ 4.163930396154437, 50.566630936673 ], [ 4.162815724029371, 50.575588069032499 ], [ 4.176895039516252, 50.57630306969191 ], [ 4.178007052020057, 50.567345780739963 ], [ 4.163930396154437, 50.566630936673 ] ] ] } },
{ "type": "Feature", "properties": { "CELLCODE": "1kmE3908N3083", "EOFORIGIN": 3908000.0, "NOFORIGIN": 3083000.0 }, "geometry": { "type": "Polygon", "coordinates": [ [ [ 4.146031960930323, 50.709940732278412 ], [ 4.144908781520823, 50.718897290399774 ], [ 4.159030820765272, 50.719614806970498 ], [ 4.16015132054154, 50.710658091027263 ], [ 4.146031960930323, 50.709940732278412 ] ] ] } },
{ "type": "Feature", "properties": { "CELLCODE": "1kmE3908N3090", "EOFORIGIN": 3908000.0, "NOFORIGIN": 3090000.0 }, "geometry": { "type": "Polygon", "coordinates": [ [ [ 4.138158461460941, 50.772635895077187 ], [ 4.137031530759899, 50.781592205602237 ], [ 4.151172362704815, 50.782310829093113 ], [ 4.152296604949751, 50.77335436020406 ], [ 4.138158461460941, 50.772635895077187 ] ] ] } },
{ "type": "Feature", "properties": { "CELLCODE": "1kmE3909N3064", "EOFORIGIN": 3909000.0, "NOFORIGIN": 3064000.0 }, "geometry": { "type": "Polygon", "coordinates": [ [ [ 4.18133992665836, 50.540473696516294 ], [ 4.180229495232139, 50.549431094197473 ], [ 4.194301227320241, 50.550143903792602 ], [ 4.195409002571052, 50.541186350118991 ], [ 4.18133992665836, 50.540473696516294 ] ] ] } },
{ "type": "Feature", "properties": { "CELLCODE": "1kmE3909N3067", "EOFORIGIN": 3909000.0, "NOFORIGIN": 3067000.0 }, "geometry": { "type": "Polygon", "coordinates": [ [ [ 4.178007052020057, 50.567345780739963 ], [ 4.176895039516252, 50.57630306969191 ], [ 4.190974747587466, 50.577016347721184 ], [ 4.192084100186594, 50.568058902548316 ], [ 4.178007052020057, 50.567345780739963 ] ] ] } },
{ "type": "Feature", "properties": { "CELLCODE": "1kmE3909N3073", "EOFORIGIN": 3909000.0, "NOFORIGIN": 3073000.0 }, "geometry": { "type": "Polygon", "coordinates": [ [ [ 4.171327053630814, 50.621088973070783 ], [ 4.170211869257184, 50.630046045787346 ], [ 4.18430756292533, 50.630760262745525 ], [ 4.185420079913301, 50.621803033349678 ], [ 4.171327053630814, 50.621088973070783 ] ] ] } },
{ "type": "Feature", "properties": { "CELLCODE": "1kmE3909N3075", "EOFORIGIN": 3909000.0, "NOFORIGIN": 3075000.0 }, "geometry": { "type": "Polygon", "coordinates": [ [ [ 4.169096154975402, 50.639003082623098 ], [ 4.167979910423665, 50.647960083623303 ], [ 4.182080942613216, 50.64867461416987 ], [ 4.18319451727896, 50.639717456337159 ], [ 4.169096154975402, 50.639003082623098 ] ] ] } },
{ "type": "Feature", "properties": { "CELLCODE": "1kmE3909N3076", "EOFORIGIN": 3909000.0, "NOFORIGIN": 3076000.0 }, "geometry": { "type": "Polygon", "coordinates": [ [ [ 4.167979910423665, 50.647960083623303 ], [ 4.166863135239846, 50.656917048833179 ], [ 4.180966838566814, 50.657631736288934 ], [ 4.182080942613216, 50.64867461416987 ], [ 4.167979910423665, 50.647960083623303 ] ] ] } },
{ "type": "Feature", "properties": { "CELLCODE": "1kmE3909N3089", "EOFORIGIN": 3909000.0, "NOFORIGIN": 3089000.0 }, "geometry": { "type": "Polygon", "coordinates": [ [ [ 4.153420311457449, 50.764397856156876 ], [ 4.152296604949751, 50.77335436020406 ], [ 4.166435147324578, 50.77407109448184 ], [ 4.167556166349897, 50.765114432523738 ], [ 4.153420311457449, 50.764397856156876 ] ] ] } },
{ "type": "Feature", "properties": { "CELLCODE": "1kmE3909N3092", "EOFORIGIN": 3909000.0, "NOFORIGIN": 3092000.0 }, "geometry": { "type": "Polygon", "coordinates": [ [ [ 4.150047584355449, 50.791267262869134 ], [ 4.148922269534124, 50.800223661577199 ], [ 4.163068881938777, 50.800940870052536 ], [ 4.164191505485532, 50.791984313201105 ], [ 4.150047584355449, 50.791267262869134 ] ] ] } },
{ "type": "Feature", "properties": { "CELLCODE": "1kmE3910N3068", "EOFORIGIN": 3910000.0, "NOFORIGIN": 3068000.0 }, "geometry": { "type": "Polygon", "coordinates": [ [ [ 4.190974747587466, 50.577016347721184 ], [ 4.189864868488728, 50.585973756817872 ], [ 4.203947629652125, 50.586685468065077 ], [ 4.205054847318412, 50.577727903042977 ], [ 4.190974747587466, 50.577016347721184 ] ] ] } },
{ "type": "Feature", "properties": { "CELLCODE": "1kmE3910N3074", "EOFORIGIN": 3910000.0, "NOFORIGIN": 3074000.0 }, "geometry": { "type": "Polygon", "coordinates": [ [ [ 4.18430756292533, 50.630760262745525 ], [ 4.18319451727896, 50.639717456337159 ], [ 4.197293273228886, 50.640430104737568 ], [ 4.198403649955258, 50.631472754762903 ], [ 4.18430756292533, 50.630760262745525 ] ] ] } },
{ "type": "Feature", "properties": { "CELLCODE": "1kmE3910N3076", "EOFORIGIN": 3910000.0, "NOFORIGIN": 3076000.0 }, "geometry": { "type": "Polygon", "coordinates": [ [ [ 4.182080942613216, 50.64867461416987 ], [ 4.180966838566814, 50.657631736288934 ], [ 4.195070936110119, 50.658344697684853 ], [ 4.196182368733992, 50.649387419029786 ], [ 4.182080942613216, 50.64867461416987 ] ] ] } },
{ "type": "Feature", "properties": { "CELLCODE": "1kmE3910N3077", "EOFORIGIN": 3910000.0, "NOFORIGIN": 3077000.0 }, "geometry": { "type": "Polygon", "coordinates": [ [ [ 4.180966838566814, 50.657631736288934 ], [ 4.179852204778117, 50.666588822739634 ], [ 4.193958974996477, 50.667301940748111 ], [ 4.195070936110119, 50.658344697684853 ], [ 4.180966838566814, 50.657631736288934 ] ] ] } },
{ "type": "Feature", "properties": { "CELLCODE": "1kmE3910N3080", "EOFORIGIN": 3910000.0, "NOFORIGIN": 3080000.0 }, "geometry": { "type": "Polygon", "coordinates": [ [ [ 4.17762134652566, 50.684502888816986 ], [ 4.176505121336969, 50.693459868534148 ], [ 4.190619917104006, 50.694173456840161 ], [ 4.191733465855045, 50.68521632028046 ], [ 4.17762134652566, 50.684502888816986 ] ] ] } },
{ "type": "Feature", "properties": { "CELLCODE": "1kmE3910N3081", "EOFORIGIN": 3910000.0, "NOFORIGIN": 3081000.0 }, "geometry": { "type": "Polygon", "coordinates": [ [ [ 4.176505121336969, 50.693459868534148 ], [ 4.175388364956119, 50.702416812763921 ], [ 4.189505838416691, 50.703130557989262 ], [ 4.190619917104006, 50.694173456840161 ], [ 4.176505121336969, 50.693459868534148 ] ] ] } },
{ "type": "Feature", "properties": { "CELLCODE": "1kmE3910N3089", "EOFORIGIN": 3910000.0, "NOFORIGIN": 3089000.0 }, "geometry": { "type": "Polygon", "coordinates": [ [ [ 4.167556166349897, 50.765114432523738 ], [ 4.166435147324578, 50.77407109448184 ], [ 4.180574087646252, 50.774786097831885 ], [ 4.181692418900633, 50.76582927833838 ], [ 4.167556166349897, 50.765114432523738 ] ] ] } },
{ "type": "Feature", "properties": { "CELLCODE": "1kmE3911N3081", "EOFORIGIN": 3911000.0, "NOFORIGIN": 3081000.0 }, "geometry": { "type": "Polygon", "coordinates": [ [ [ 4.190619917104006, 50.694173456840161 ], [ 4.189505838416691, 50.703130557989262 ], [ 4.203623706589076, 50.703842575208093 ], [ 4.204735107297092, 50.694885317513815 ], [ 4.190619917104006, 50.694173456840161 ] ] ] } },
{ "type": "Feature", "properties": { "CELLCODE": "1kmE3911N3082", "EOFORIGIN": 3911000.0, "NOFORIGIN": 3082000.0 }, "geometry": { "type": "Polygon", "coordinates": [ [ [ 4.189505838416691, 50.703130557989262 ], [ 4.188391229430638, 50.712087623773044 ], [ 4.202511776839311, 50.712799797613691 ], [ 4.203623706589076, 50.703842575208093 ], [ 4.189505838416691, 50.703130557989262 ] ] ] } },
{ "type": "Feature", "properties": { "CELLCODE": "1kmE3911N3089", "EOFORIGIN": 3911000.0, "NOFORIGIN": 3089000.0 }, "geometry": { "type": "Polygon", "coordinates": [ [ [ 4.181692418900633, 50.76582927833838 ], [ 4.180574087646252, 50.774786097831885 ], [ 4.194713424975398, 50.775499370175709 ], [ 4.19582906817096, 50.766542393522393 ], [ 4.181692418900633, 50.76582927833838 ] ] ] } },
{ "type": "Feature", "properties": { "CELLCODE": "1kmE3911N3092", "EOFORIGIN": 3911000.0, "NOFORIGIN": 3092000.0 }, "geometry": { "type": "Polygon", "coordinates": [ [ [ 4.178335825140367, 50.792699631853736 ], [ 4.177215893157539, 50.801656346472477 ], [ 4.191363302249028, 50.80237009075833 ], [ 4.192480542379247, 50.793413218748448 ], [ 4.178335825140367, 50.792699631853736 ] ] ] } },
{ "type": "Feature", "properties": { "CELLCODE": "1kmE3912N3058", "EOFORIGIN": 3912000.0, "NOFORIGIN": 3058000.0 }, "geometry": { "type": "Polygon", "coordinates": [ [ [ 4.230152135578533, 50.48885854648853 ], [ 4.229052803695811, 50.497816628353107 ], [ 4.243109781951948, 50.498523344795139 ], [ 4.244206464256087, 50.489565108503875 ], [ 4.230152135578533, 50.48885854648853 ] ] ] } },
{ "type": "Feature", "properties": { "CELLCODE": "1kmE3912N3059", "EOFORIGIN": 3912000.0, "NOFORIGIN": 3059000.0 }, "geometry": { "type": "Polygon", "coordinates": [ [ [ 4.229052803695811, 50.497816628353107 ], [ 4.22795295100474, 50.50677467388396 ], [ 4.242012580077531, 50.507481544827947 ], [ 4.243109781951948, 50.498523344795139 ], [ 4.229052803695811, 50.497816628353107 ] ] ] } },
{ "type": "Feature", "properties": { "CELLCODE": "1kmE3912N3067", "EOFORIGIN": 3912000.0, "NOFORIGIN": 3067000.0 }, "geometry": { "type": "Polygon", "coordinates": [ [ [ 4.220239369726421, 50.569479979080263 ], [ 4.219135337784285, 50.578437735580138 ], [ 4.233216218060073, 50.579145845255617 ], [ 4.234317589251209, 50.570187933649805 ], [ 4.220239369726421, 50.569479979080263 ] ] ] } },
{ "type": "Feature", "properties": { "CELLCODE": "1kmE3912N3085", "EOFORIGIN": 3912000.0, "NOFORIGIN": 3085000.0 }, "geometry": { "type": "Polygon", "coordinates": [ [ [ 4.200286328766366, 50.73071413674014 ], [ 4.199172809718272, 50.739671253551592 ], [ 4.213301797306754, 50.740382168135113 ], [ 4.21441263305639, 50.731424894846519 ], [ 4.200286328766366, 50.73071413674014 ] ] ] } },
{ "type": "Feature", "properties": { "CELLCODE": "1kmE3912N3090", "EOFORIGIN": 3912000.0, "NOFORIGIN": 3090000.0 }, "geometry": { "type": "Polygon", "coordinates": [ [ [ 4.194713424975398, 50.775499370175709 ], [ 4.193597249833043, 50.784456311902645 ], [ 4.207739672840124, 50.785168010023042 ], [ 4.208853158372427, 50.776210911435037 ], [ 4.194713424975398, 50.775499370175709 ] ] ] } },
{ "type": "Feature", "properties": { "CELLCODE": "1kmE3912N3092", "EOFORIGIN": 3912000.0, "NOFORIGIN": 3092000.0 }, "geometry": { "type": "Polygon", "coordinates": [ [ [ 4.192480542379247, 50.793413218748448 ], [ 4.191363302249028, 50.80237009075833 ], [ 4.205511108271646, 50.803082102831681 ], [ 4.206625656261239, 50.794125073806796 ], [ 4.192480542379247, 50.793413218748448 ] ] ] } },
{ "type": "Feature", "properties": { "CELLCODE": "1kmE3913N3058", "EOFORIGIN": 3913000.0, "NOFORIGIN": 3058000.0 }, "geometry": { "type": "Polygon", "coordinates": [ [ [ 4.244206464256087, 50.489565108503875 ], [ 4.243109781951948, 50.498523344795139 ], [ 4.257167146574893, 50.499228341638236 ], [ 4.258261179021964, 50.490269951290443 ], [ 4.244206464256087, 50.489565108503875 ] ] ] } },
{ "type": "Feature", "properties": { "CELLCODE": "1kmE3913N3069", "EOFORIGIN": 3913000.0, "NOFORIGIN": 3069000.0 }, "geometry": { "type": "Polygon", "coordinates": [ [ [ 4.232114324105134, 50.58810372101297 ], [ 4.231011907029915, 50.597061560967369 ], [ 4.245098501992198, 50.597768257399487 ], [ 4.246198255543215, 50.588810262559726 ], [ 4.232114324105134, 50.58810372101297 ] ] ] } },
{ "type": "Feature", "properties": { "CELLCODE": "1kmE3913N3070", "EOFORIGIN": 3913000.0, "NOFORIGIN": 3070000.0 }, "geometry": { "type": "Polygon", "coordinates": [ [ [ 4.231011907029915, 50.597061560967369 ], [ 4.229908966477615, 50.606019365164343 ], [ 4.243998226211549, 50.606726216557469 ], [ 4.245098501992198, 50.597768257399487 ], [ 4.231011907029915, 50.597061560967369 ] ] ] } },
{ "type": "Feature", "properties": { "CELLCODE": "1kmE3913N3071", "EOFORIGIN": 3913000.0, "NOFORIGIN": 3071000.0 }, "geometry": { "type": "Polygon", "coordinates": [ [ [ 4.229908966477615, 50.606019365164343 ], [ 4.228805502091102, 50.614977133649354 ], [ 4.242897427844978, 50.615684140079196 ], [ 4.243998226211549, 50.606726216557469 ], [ 4.229908966477615, 50.606019365164343 ] ] ] } },
{ "type": "Feature", "properties": { "CELLCODE": "1kmE3913N3076", "EOFORIGIN": 3913000.0, "NOFORIGIN": 3076000.0 }, "geometry": { "type": "Polygon", "coordinates": [ [ [ 4.224386399048727, 50.650807851379291 ], [ 4.223280310122616, 50.659765441986515 ], [ 4.237385584729731, 50.660473224737416 ], [ 4.238489001381931, 50.651515478714138 ], [ 4.224386399048727, 50.650807851379291 ] ] ] } },
{ "type": "Feature", "properties": { "CELLCODE": "1kmE3913N3079", "EOFORIGIN": 3913000.0, "NOFORIGIN": 3079000.0 }, "geometry": { "type": "Polygon", "coordinates": [ [ [ 4.221066553959127, 50.677680516928731 ], [ 4.21995888600252, 50.686638001354545 ], [ 4.234072184954556, 50.687346250809952 ], [ 4.235177176874815, 50.678388610739852 ], [ 4.221066553959127, 50.677680516928731 ] ] ] } },
{ "type": "Feature", "properties": { "CELLCODE": "1kmE3913N3080", "EOFORIGIN": 3913000.0, "NOFORIGIN": 3080000.0 }, "geometry": { "type": "Polygon", "coordinates": [ [ [ 4.21995888600252, 50.686638001354545 ], [ 4.218850690982634, 50.695595450477363 ], [ 4.232966667226845, 50.696303855653234 ], [ 4.234072184954556, 50.687346250809952 ], [ 4.21995888600252, 50.686638001354545 ] ] ] } },
{ "type": "Feature", "properties": { "CELLCODE": "1kmE3913N3081", "EOFORIGIN": 3913000.0, "NOFORIGIN": 3081000.0 }, "geometry": { "type": "Polygon", "coordinates": [ [ [ 4.218850690982634, 50.695595450477363 ], [ 4.217741968539023, 50.704552864342602 ], [ 4.231860623332075, 50.705261425315157 ], [ 4.232966667226845, 50.696303855653234 ], [ 4.218850690982634, 50.695595450477363 ] ] ] } },
{ "type": "Feature", "properties": { "CELLCODE": "1kmE3913N3082", "EOFORIGIN": 3913000.0, "NOFORIGIN": 3082000.0 }, "geometry": { "type": "Polygon", "coordinates": [ [ [ 4.217741968539023, 50.704552864342602 ], [ 4.21663271831091, 50.713510242995625 ], [ 4.230754052910316, 50.714218959841162 ], [ 4.231860623332075, 50.705261425315157 ], [ 4.217741968539023, 50.704552864342602 ] ] ] } },
{ "type": "Feature", "properties": { "CELLCODE": "1kmE3913N3083", "EOFORIGIN": 3913000.0, "NOFORIGIN": 3083000.0 }, "geometry": { "type": "Polygon", "coordinates": [ [ [ 4.21663271831091, 50.713510242995625 ], [ 4.215522939937181, 50.722467586481827 ], [ 4.229646955601297, 50.723176459276651 ], [ 4.230754052910316, 50.714218959841162 ], [ 4.21663271831091, 50.713510242995625 ] ] ] } },
{ "type": "Feature", "properties": { "CELLCODE": "1kmE3913N3085", "EOFORIGIN": 3913000.0, "NOFORIGIN": 3085000.0 }, "geometry": { "type": "Polygon", "coordinates": [ [ [ 4.21441263305639, 50.731424894846519 ], [ 4.213301797306754, 50.740382168135113 ], [ 4.227431178878727, 50.741091353057804 ], [ 4.228539331044411, 50.732133923667064 ], [ 4.21441263305639, 50.731424894846519 ] ] ] } },
{ "type": "Feature", "properties": { "CELLCODE": "1kmE3914N3059", "EOFORIGIN": 3914000.0, "NOFORIGIN": 3059000.0 }, "geometry": { "type": "Polygon", "coordinates": [ [ [ 4.257167146574893, 50.499228341638236 ], [ 4.256072595795873, 50.508186695802664 ], [ 4.270132997239578, 50.508890126731899 ], [ 4.271224896645117, 50.499931618806279 ], [ 4.257167146574893, 50.499228341638236 ] ] ] } },
{ "type": "Feature", "properties": { "CELLCODE": "1kmE3914N3061", "EOFORIGIN": 3914000.0, "NOFORIGIN": 3061000.0 }, "geometry": { "type": "Polygon", "coordinates": [ [ [ 4.254977526332194, 50.517145013829385 ], [ 4.253881937830833, 50.526103295764031 ], [ 4.267947645740557, 50.526807034440637 ], [ 4.269040580388793, 50.517848598594796 ], [ 4.254977526332194, 50.517145013829385 ] ] ] } },
{ "type": "Feature", "properties": { "CELLCODE": "1kmE3914N3063", "EOFORIGIN": 3914000.0, "NOFORIGIN": 3063000.0 }, "geometry": { "type": "Polygon", "coordinates": [ [ [ 4.252785829938428, 50.535061541652212 ], [ 4.251689202301304, 50.544019751539572 ], [ 4.265760221641291, 50.544723798263803 ], [ 4.266854192942339, 50.535765434315074 ], [ 4.252785829938428, 50.535061541652212 ] ] ] } },
{ "type": "Feature", "properties": { "CELLCODE": "1kmE3914N3066", "EOFORIGIN": 3914000.0, "NOFORIGIN": 3066000.0 }, "geometry": { "type": "Polygon", "coordinates": [ [ [ 4.249494386376539, 50.561936063494201 ], [ 4.248396197379908, 50.570894165652653 ], [ 4.262475193187761, 50.571598675012233 ], [ 4.263570722117669, 50.56264041856673 ], [ 4.249494386376539, 50.561936063494201 ] ] ] } },
{ "type": "Feature", "properties": { "CELLCODE": "1kmE3914N3067", "EOFORIGIN": 3914000.0, "NOFORIGIN": 3067000.0 }, "geometry": { "type": "Polygon", "coordinates": [ [ [ 4.248396197379908, 50.570894165652653 ], [ 4.247297487220571, 50.579852231992639 ], [ 4.261379144340361, 50.580556895714594 ], [ 4.262475193187761, 50.571598675012233 ], [ 4.248396197379908, 50.570894165652653 ] ] ] } },
{ "type": "Feature", "properties": { "CELLCODE": "1kmE3914N3068", "EOFORIGIN": 3914000.0, "NOFORIGIN": 3068000.0 }, "geometry": { "type": "Polygon", "coordinates": [ [ [ 4.247297487220571, 50.579852231992639 ], [ 4.246198255543215, 50.588810262559726 ], [ 4.260282575220987, 50.589515080719416 ], [ 4.261379144340361, 50.580556895714594 ], [ 4.247297487220571, 50.579852231992639 ] ] ] } },
{ "type": "Feature", "properties": { "CELLCODE": "1kmE3914N3069", "EOFORIGIN": 3914000.0, "NOFORIGIN": 3069000.0 }, "geometry": { "type": "Polygon", "coordinates": [ [ [ 4.246198255543215, 50.588810262559726 ], [ 4.245098501992198, 50.597768257399487 ], [ 4.259185485474826, 50.598473230072344 ], [ 4.260282575220987, 50.589515080719416 ], [ 4.246198255543215, 50.588810262559726 ] ] ] } },
{ "type": "Feature", "properties": { "CELLCODE": "1kmE3914N3074", "EOFORIGIN": 3914000.0, "NOFORIGIN": 3074000.0 }, "geometry": { "type": "Polygon", "coordinates": [ [ [ 4.240694261927212, 50.633599880396041 ], [ 4.239591893661777, 50.642557697282179 ], [ 4.253692214901048, 50.643263443654099 ], [ 4.25479191311472, 50.634305471876864 ], [ 4.240694261927212, 50.633599880396041 ] ] ] } },
{ "type": "Feature", "properties": { "CELLCODE": "1kmE3914N3076", "EOFORIGIN": 3914000.0, "NOFORIGIN": 3076000.0 }, "geometry": { "type": "Polygon", "coordinates": [ [ [ 4.238489001381931, 50.651515478714138 ], [ 4.237385584729731, 50.660473224737416 ], [ 4.251491249829027, 50.661179281118777 ], [ 4.252591993924851, 50.652221380052879 ], [ 4.238489001381931, 50.651515478714138 ] ] ] } },
{ "type": "Feature", "properties": { "CELLCODE": "1kmE3914N3077", "EOFORIGIN": 3914000.0, "NOFORIGIN": 3077000.0 }, "geometry": { "type": "Polygon", "coordinates": [ [ [ 4.237385584729731, 50.660473224737416 ], [ 4.236281643346894, 50.669430935397493 ], [ 4.250389982256138, 50.670137146897332 ], [ 4.251491249829027, 50.661179281118777 ], [ 4.237385584729731, 50.660473224737416 ] ] ] } },
{ "type": "Feature", "properties": { "CELLCODE": "1kmE3914N3079", "EOFORIGIN": 3914000.0, "NOFORIGIN": 3079000.0 }, "geometry": { "type": "Polygon", "coordinates": [ [ [ 4.235177176874815, 50.678388610739852 ], [ 4.234072184954556, 50.687346250809952 ], [ 4.248185875247751, 50.688052772774441 ], [ 4.249288190848409, 50.67909497743404 ], [ 4.235177176874815, 50.678388610739852 ] ] ] } },
{ "type": "Feature", "properties": { "CELLCODE": "1kmE3914N3082", "EOFORIGIN": 3914000.0, "NOFORIGIN": 3082000.0 }, "geometry": { "type": "Polygon", "coordinates": [ [ [ 4.231860623332075, 50.705261425315157 ], [ 4.230754052910316, 50.714218959841162 ], [ 4.244875779702206, 50.714925948072775 ], [ 4.245979670033575, 50.705968258048308 ], [ 4.231860623332075, 50.705261425315157 ] ] ] } },
{ "type": "Feature", "properties": { "CELLCODE": "1kmE3914N3083", "EOFORIGIN": 3914000.0, "NOFORIGIN": 3083000.0 }, "geometry": { "type": "Polygon", "coordinates": [ [ [ 4.230754052910316, 50.714218959841162 ], [ 4.229646955601297, 50.723176459276651 ], [ 4.243771363742193, 50.723883603082903 ], [ 4.244875779702206, 50.714925948072775 ], [ 4.230754052910316, 50.714218959841162 ] ] ] } },
{ "type": "Feature", "properties": { "CELLCODE": "1kmE3914N3084", "EOFORIGIN": 3914000.0, "NOFORIGIN": 3084000.0 }, "geometry": { "type": "Polygon", "coordinates": [ [ [ 4.229646955601297, 50.723176459276651 ], [ 4.228539331044411, 50.732133923667064 ], [ 4.242666421793776, 50.732841223124147 ], [ 4.243771363742193, 50.723883603082903 ], [ 4.229646955601297, 50.723176459276651 ] ] ] } },
{ "type": "Feature", "properties": { "CELLCODE": "1kmE3914N3095", "EOFORIGIN": 3914000.0, "NOFORIGIN": 3095000.0 }, "geometry": { "type": "Polygon", "coordinates": [ [ [ 4.217434007271312, 50.821706650076457 ], [ 4.216320559092411, 50.830663731965714 ], [ 4.230477241901557, 50.83137274862694 ], [ 4.231587993561985, 50.822415510245058 ], [ 4.217434007271312, 50.821706650076457 ] ] ] } },
{ "type": "Feature", "properties": { "CELLCODE": "1kmE3915N3063", "EOFORIGIN": 3915000.0, "NOFORIGIN": 3063000.0 }, "geometry": { "type": "Polygon", "coordinates": [ [ [ 4.266854192942339, 50.535765434315074 ], [ 4.265760221641291, 50.544723798263803 ], [ 4.279831626898562, 50.54542612338296 ], [ 4.280922941585075, 50.536467605744029 ], [ 4.266854192942339, 50.535765434315074 ] ] ] } },
{ "type": "Feature", "properties": { "CELLCODE": "1kmE3915N3066", "EOFORIGIN": 3915000.0, "NOFORIGIN": 3066000.0 }, "geometry": { "type": "Polygon", "coordinates": [ [ [ 4.263570722117669, 50.56264041856673 ], [ 4.262475193187761, 50.571598675012233 ], [ 4.276554575749811, 50.572301461652138 ], [ 4.277647444333765, 50.563343051291312 ], [ 4.263570722117669, 50.56264041856673 ] ] ] } },
{ "type": "Feature", "properties": { "CELLCODE": "1kmE3915N3078", "EOFORIGIN": 3915000.0, "NOFORIGIN": 3078000.0 }, "geometry": { "type": "Polygon", "coordinates": [ [ [ 4.250389982256138, 50.670137146897332 ], [ 4.249288190848409, 50.67909497743404 ], [ 4.263399594947031, 50.679799616934183 ], [ 4.264498711008078, 50.670841631576955 ], [ 4.250389982256138, 50.670137146897332 ] ] ] } },
{ "type": "Feature", "properties": { "CELLCODE": "1kmE3915N3079", "EOFORIGIN": 3915000.0, "NOFORIGIN": 3079000.0 }, "geometry": { "type": "Polygon", "coordinates": [ [ [ 4.249288190848409, 50.67909497743404 ], [ 4.248185875247751, 50.688052772774441 ], [ 4.262299955948557, 50.688757567170867 ], [ 4.263399594947031, 50.679799616934183 ], [ 4.249288190848409, 50.67909497743404 ] ] ] } },
{ "type": "Feature", "properties": { "CELLCODE": "1kmE3915N3080", "EOFORIGIN": 3915000.0, "NOFORIGIN": 3080000.0 }, "geometry": { "type": "Polygon", "coordinates": [ [ [ 4.248185875247751, 50.688052772774441 ], [ 4.247083035095724, 50.697010532964029 ], [ 4.26119979365507, 50.697715482332562 ], [ 4.262299955948557, 50.688757567170867 ], [ 4.248185875247751, 50.688052772774441 ] ] ] } },
{ "type": "Feature", "properties": { "CELLCODE": "1kmE3915N3086", "EOFORIGIN": 3915000.0, "NOFORIGIN": 3086000.0 }, "geometry": { "type": "Polygon", "coordinates": [ [ [ 4.241560953496865, 50.741798808241995 ], [ 4.240454958491032, 50.750756358481866 ], [ 4.254587810632145, 50.751462239278183 ], [ 4.255691120223632, 50.742504533610173 ], [ 4.241560953496865, 50.741798808241995 ] ] ] } },
{ "type": "Feature", "properties": { "CELLCODE": "1kmE3915N3090", "EOFORIGIN": 3915000.0, "NOFORIGIN": 3090000.0 }, "geometry": { "type": "Polygon", "coordinates": [ [ [ 4.23713380961077, 50.777628800388079 ], [ 4.236025704158332, 50.786586211570402 ], [ 4.250169310587913, 50.787292714841648 ], [ 4.251274725571872, 50.778335147926114 ], [ 4.23713380961077, 50.777628800388079 ] ] ] } },
{ "type": "Feature", "properties": { "CELLCODE": "1kmE3916N3062", "EOFORIGIN": 3916000.0, "NOFORIGIN": 3062000.0 }, "geometry": { "type": "Polygon", "coordinates": [ [ [ 4.282013739010903, 50.527509052254338 ], [ 4.280922941585075, 50.536467605744029 ], [ 4.294992074944104, 50.537168055863098 ], [ 4.296080216719996, 50.528209349129185 ], [ 4.282013739010903, 50.527509052254338 ] ] ] } },
{ "type": "Feature", "properties": { "CELLCODE": "1kmE3916N3064", "EOFORIGIN": 3916000.0, "NOFORIGIN": 3064000.0 }, "geometry": { "type": "Polygon", "coordinates": [ [ [ 4.279831626898562, 50.54542612338296 ], [ 4.278739794599018, 50.554384605216818 ], [ 4.292814242985954, 50.555085362048658 ], [ 4.293903417149929, 50.546126726820987 ], [ 4.279831626898562, 50.54542612338296 ] ] ] } },
{ "type": "Feature", "properties": { "CELLCODE": "1kmE3916N3065", "EOFORIGIN": 3916000.0, "NOFORIGIN": 3065000.0 }, "geometry": { "type": "Polygon", "coordinates": [ [ [ 4.278739794599018, 50.554384605216818 ], [ 4.277647444333765, 50.563343051291312 ], [ 4.291724552100332, 50.564043961591793 ], [ 4.292814242985954, 50.555085362048658 ], [ 4.278739794599018, 50.554384605216818 ] ] ] } },
{ "type": "Feature", "properties": { "CELLCODE": "1kmE3916N3066", "EOFORIGIN": 3916000.0, "NOFORIGIN": 3066000.0 }, "geometry": { "type": "Polygon", "coordinates": [ [ [ 4.277647444333765, 50.563343051291312 ], [ 4.276554575749811, 50.572301461652138 ], [ 4.290634344140902, 50.573002525496186 ], [ 4.291724552100332, 50.564043961591793 ], [ 4.277647444333765, 50.563343051291312 ] ] ] } },
{ "type": "Feature", "properties": { "CELLCODE": "1kmE3916N3070", "EOFORIGIN": 3916000.0, "NOFORIGIN": 3070000.0 }, "geometry": { "type": "Polygon", "coordinates": [ [ [ 4.273272856550873, 50.599176478909328 ], [ 4.272177911155618, 50.608134746872182 ], [ 4.286268334510373, 50.60883642564071 ], [ 4.287360614293208, 50.599878003834107 ], [ 4.273272856550873, 50.599176478909328 ] ] ] } },
{ "type": "Feature", "properties": { "CELLCODE": "1kmE3916N3075", "EOFORIGIN": 3916000.0, "NOFORIGIN": 3075000.0 }, "geometry": { "type": "Polygon", "coordinates": [ [ [ 4.267792925137591, 50.643967464326295 ], [ 4.266695375746596, 50.652925555318596 ], [ 4.280799145916078, 50.653628004434559 ], [ 4.281894023440988, 50.644669759222104 ], [ 4.267792925137591, 50.643967464326295 ] ] ] } },
{ "type": "Feature", "properties": { "CELLCODE": "1kmE3916N3077", "EOFORIGIN": 3916000.0, "NOFORIGIN": 3077000.0 }, "geometry": { "type": "Polygon", "coordinates": [ [ [ 4.265597304488956, 50.661883611053625 ], [ 4.264498711008078, 50.670841631576955 ], [ 4.278607828670311, 50.671544389359568 ], [ 4.279703747777772, 50.662586214465172 ], [ 4.265597304488956, 50.661883611053625 ] ] ] } },
{ "type": "Feature", "properties": { "CELLCODE": "1kmE3916N3079", "EOFORIGIN": 3916000.0, "NOFORIGIN": 3079000.0 }, "geometry": { "type": "Polygon", "coordinates": [ [ [ 4.263399594947031, 50.679799616934183 ], [ 4.262299955948557, 50.688757567170867 ], [ 4.276414426123247, 50.689460633922266 ], [ 4.277511388237608, 50.680502529163398 ], [ 4.263399594947031, 50.679799616934183 ] ] ] } },
{ "type": "Feature", "properties": { "CELLCODE": "1kmE3916N3080", "EOFORIGIN": 3916000.0, "NOFORIGIN": 3080000.0 }, "geometry": { "type": "Polygon", "coordinates": [ [ [ 4.262299955948557, 50.688757567170867 ], [ 4.26119979365507, 50.697715482332562 ], [ 4.275316941970478, 50.698418703681803 ], [ 4.276414426123247, 50.689460633922266 ], [ 4.262299955948557, 50.688757567170867 ] ] ] } },
{ "type": "Feature", "properties": { "CELLCODE": "1kmE3917N3062", "EOFORIGIN": 3917000.0, "NOFORIGIN": 3062000.0 }, "geometry": { "type": "Polygon", "coordinates": [ [ [ 4.296080216719996, 50.528209349129185 ], [ 4.294992074944104, 50.537168055863098 ], [ 4.309061592096689, 50.537866784596481 ], [ 4.310147077945746, 50.528907924989468 ], [ 4.296080216719996, 50.528209349129185 ] ] ] } },
{ "type": "Feature", "properties": { "CELLCODE": "1kmE3917N3072", "EOFORIGIN": 3917000.0, "NOFORIGIN": 3072000.0 }, "geometry": { "type": "Polygon", "coordinates": [ [ [ 4.285175535888016, 50.617794812037118 ], [ 4.284082218072021, 50.626753163069054 ], [ 4.298178362976174, 50.627453424644088 ], [ 4.299269012401344, 50.618494919990908 ], [ 4.285175535888016, 50.617794812037118 ] ] ] } },
{ "type": "Feature", "properties": { "CELLCODE": "1kmE3917N3078", "EOFORIGIN": 3917000.0, "NOFORIGIN": 3078000.0 }, "geometry": { "type": "Polygon", "coordinates": [ [ [ 4.278607828670311, 50.671544389359568 ], [ 4.277511388237608, 50.680502529163398 ], [ 4.291623569786858, 50.681203714044962 ], [ 4.292717334310213, 50.672245420168487 ], [ 4.278607828670311, 50.671544389359568 ] ] ] } },
{ "type": "Feature", "properties": { "CELLCODE": "1kmE3917N3079", "EOFORIGIN": 3917000.0, "NOFORIGIN": 3079000.0 }, "geometry": { "type": "Polygon", "coordinates": [ [ [ 4.277511388237608, 50.680502529163398 ], [ 4.276414426123247, 50.689460633922266 ], [ 4.290529284837865, 50.690161972951877 ], [ 4.291623569786858, 50.681203714044962 ], [ 4.277511388237608, 50.680502529163398 ] ] ] } },
{ "type": "Feature", "properties": { "CELLCODE": "1kmE3917N3085", "EOFORIGIN": 3917000.0, "NOFORIGIN": 3085000.0 }, "geometry": { "type": "Polygon", "coordinates": [ [ [ 4.270921777828856, 50.734250633638389 ], [ 4.269821678121296, 50.743208529085052 ], [ 4.283952626251912, 50.743910794589503 ], [ 4.285050041240232, 50.734952744541239 ], [ 4.270921777828856, 50.734250633638389 ] ] ] } },
{ "type": "Feature", "properties": { "CELLCODE": "1kmE3917N3086", "EOFORIGIN": 3917000.0, "NOFORIGIN": 3086000.0 }, "geometry": { "type": "Polygon", "coordinates": [ [ [ 4.269821678121296, 50.743208529085052 ], [ 4.268721054227904, 50.752166389805843 ], [ 4.282854688339701, 50.752868809987667 ], [ 4.283952626251912, 50.743910794589503 ], [ 4.269821678121296, 50.743208529085052 ] ] ] } },
{ "type": "Feature", "properties": { "CELLCODE": "1kmE3917N3088", "EOFORIGIN": 3917000.0, "NOFORIGIN": 3088000.0 }, "geometry": { "type": "Polygon", "coordinates": [ [ [ 4.267619905789622, 50.761124215846301 ], [ 4.266518232447048, 50.770082007251993 ], [ 4.280657242310404, 50.770784737016108 ], [ 4.281756227145381, 50.761826790781349 ], [ 4.267619905789622, 50.761124215846301 ] ] ] } },
{ "type": "Feature", "properties": { "CELLCODE": "1kmE3917N3093", "EOFORIGIN": 3917000.0, "NOFORIGIN": 3093000.0 }, "geometry": { "type": "Polygon", "coordinates": [ [ [ 4.262106282834227, 50.805912827437133 ], [ 4.261001979567567, 50.814870446351556 ], [ 4.275154450953142, 50.815573951401142 ], [ 4.276256059381291, 50.806616177277455 ], [ 4.262106282834227, 50.805912827437133 ] ] ] } },
{ "type": "Feature", "properties": { "CELLCODE": "1kmE3917N3095", "EOFORIGIN": 3917000.0, "NOFORIGIN": 3095000.0 }, "geometry": { "type": "Polygon", "coordinates": [ [ [ 4.259897149233227, 50.823828030904203 ], [ 4.258791791469464, 50.832785581140534 ], [ 4.272949656339131, 50.833489396837294 ], [ 4.274052316726051, 50.824531691239244 ], [ 4.259897149233227, 50.823828030904203 ] ] ] } },
{ "type": "Feature", "properties": { "CELLCODE": "1kmE3918N3063", "EOFORIGIN": 3918000.0, "NOFORIGIN": 3063000.0 }, "geometry": { "type": "Polygon", "coordinates": [ [ [ 4.309061592096689, 50.537866784596481 ], [ 4.307975591472, 50.546825608502047 ], [ 4.322048148941184, 50.547522768350454 ], [ 4.32313149211989, 50.538563791868548 ], [ 4.309061592096689, 50.537866784596481 ] ] ] } },
{ "type": "Feature", "properties": { "CELLCODE": "1kmE3918N3065", "EOFORIGIN": 3918000.0, "NOFORIGIN": 3065000.0 }, "geometry": { "type": "Polygon", "coordinates": [ [ [ 4.306889075720997, 50.555784396752031 ], [ 4.305802044492664, 50.564743149392186 ], [ 4.319879920585863, 50.565440614616698 ], [ 4.320964291879902, 50.55648170925123 ], [ 4.306889075720997, 50.555784396752031 ] ] ] } },
{ "type": "Feature", "properties": { "CELLCODE": "1kmE3918N3069", "EOFORIGIN": 3918000.0, "NOFORIGIN": 3069000.0 }, "geometry": { "type": "Polygon", "coordinates": [ [ [ 4.302537854428734, 50.591619194111686 ], [ 4.301448757774499, 50.600577804770445 ], [ 4.315537286067219, 50.601275881642323 ], [ 4.316623717800551, 50.592317117959702 ], [ 4.302537854428734, 50.591619194111686 ] ] ] } },
{ "type": "Feature", "properties": { "CELLCODE": "1kmE3918N3070", "EOFORIGIN": 3918000.0, "NOFORIGIN": 3070000.0 }, "geometry": { "type": "Polygon", "coordinates": [ [ [ 4.301448757774499, 50.600577804770445 ], [ 4.300359143883023, 50.609536380048269 ], [ 4.314450338345379, 50.610234610018786 ], [ 4.315537286067219, 50.601275881642323 ], [ 4.301448757774499, 50.600577804770445 ] ] ] } },
{ "type": "Feature", "properties": { "CELLCODE": "1kmE3918N3072", "EOFORIGIN": 3918000.0, "NOFORIGIN": 3072000.0 }, "geometry": { "type": "Polygon", "coordinates": [ [ [ 4.299269012401344, 50.618494919990908 ], [ 4.298178362976174, 50.627453424644088 ], [ 4.312274893527362, 50.628151961036387 ], [ 4.31336287428291, 50.619193303134864 ], [ 4.299269012401344, 50.618494919990908 ] ] ] } },
{ "type": "Feature", "properties": { "CELLCODE": "1kmE3918N3079", "EOFORIGIN": 3918000.0, "NOFORIGIN": 3079000.0 }, "geometry": { "type": "Polygon", "coordinates": [ [ [ 4.291623569786858, 50.681203714044962 ], [ 4.290529284837865, 50.690161972951877 ], [ 4.30464453115827, 50.690861584183082 ], [ 4.305736138661293, 50.681903171502313 ], [ 4.291623569786858, 50.681203714044962 ] ] ] } },
{ "type": "Feature", "properties": { "CELLCODE": "1kmE3918N3088", "EOFORIGIN": 3918000.0, "NOFORIGIN": 3088000.0 }, "geometry": { "type": "Polygon", "coordinates": [ [ [ 4.281756227145381, 50.761826790781349 ], [ 4.280657242310404, 50.770784737016108 ], [ 4.294796642316594, 50.771485735605907 ], [ 4.295892938361042, 50.762527634917895 ], [ 4.281756227145381, 50.761826790781349 ] ] ] } },
{ "type": "Feature", "properties": { "CELLCODE": "1kmE3918N3093", "EOFORIGIN": 3918000.0, "NOFORIGIN": 3093000.0 }, "geometry": { "type": "Polygon", "coordinates": [ [ [ 4.276256059381291, 50.806616177277455 ], [ 4.275154450953142, 50.815573951401142 ], [ 4.289307313900166, 50.81627572339459 ], [ 4.290406227205557, 50.807317794438369 ], [ 4.276256059381291, 50.806616177277455 ] ] ] } },
{ "type": "Feature", "properties": { "CELLCODE": "1kmE3918N3099", "EOFORIGIN": 3918000.0, "NOFORIGIN": 3099000.0 }, "geometry": { "type": "Polygon", "coordinates": [ [ [ 4.269638514605558, 50.860362308646174 ], [ 4.268533745963795, 50.869319877739031 ], [ 4.282702806326321, 50.870022580325873 ], [ 4.283804872218489, 50.86106485594361 ], [ 4.269638514605558, 50.860362308646174 ] ] ] } },
{ "type": "Feature", "properties": { "CELLCODE": "1kmE3918N3100", "EOFORIGIN": 3918000.0, "NOFORIGIN": 3100000.0 }, "geometry": { "type": "Polygon", "coordinates": [ [ [ 4.268533745963795, 50.869319877739031 ], [ 4.267428449352758, 50.878277412819287 ], [ 4.281600213739013, 50.878980270771848 ], [ 4.282702806326321, 50.870022580325873 ], [ 4.268533745963795, 50.869319877739031 ] ] ] } },
{ "type": "Feature", "properties": { "CELLCODE": "1kmE3919N3069", "EOFORIGIN": 3919000.0, "NOFORIGIN": 3069000.0 }, "geometry": { "type": "Polygon", "coordinates": [ [ [ 4.316623717800551, 50.592317117959702 ], [ 4.315537286067219, 50.601275881642323 ], [ 4.329626198243631, 50.601972234373925 ], [ 4.330709964778699, 50.593013318039894 ], [ 4.316623717800551, 50.592317117959702 ] ] ] } },
{ "type": "Feature", "properties": { "CELLCODE": "1kmE3919N3070", "EOFORIGIN": 3919000.0, "NOFORIGIN": 3070000.0 }, "geometry": { "type": "Polygon", "coordinates": [ [ [ 4.315537286067219, 50.601275881642323 ], [ 4.314450338345379, 50.610234610018786 ], [ 4.32854191696905, 50.610931115476369 ], [ 4.329626198243631, 50.601972234373925 ], [ 4.315537286067219, 50.601275881642323 ] ] ] } },
{ "type": "Feature", "properties": { "CELLCODE": "1kmE3919N3079", "EOFORIGIN": 3919000.0, "NOFORIGIN": 3079000.0 }, "geometry": { "type": "Polygon", "coordinates": [ [ [ 4.305736138661293, 50.681903171502313 ], [ 4.30464453115827, 50.690861584183082 ], [ 4.318760164150112, 50.69155946753947 ], [ 4.319849093927237, 50.682600901459104 ], [ 4.305736138661293, 50.681903171502313 ] ] ] } },
{ "type": "Feature", "properties": { "CELLCODE": "1kmE3919N3084", "EOFORIGIN": 3919000.0, "NOFORIGIN": 3084000.0 }, "geometry": { "type": "Polygon", "coordinates": [ [ [ 4.30027290234653, 50.726694886877226 ], [ 4.299178693664262, 50.735653125771982 ], [ 4.313307734163266, 50.736351777253923 ], [ 4.314399258824267, 50.727393384583543 ], [ 4.30027290234653, 50.726694886877226 ] ] ] } },
{ "type": "Feature", "properties": { "CELLCODE": "1kmE3919N3088", "EOFORIGIN": 3919000.0, "NOFORIGIN": 3088000.0 }, "geometry": { "type": "Polygon", "coordinates": [ [ [ 4.295892938361042, 50.762527634917895 ], [ 4.294796642316594, 50.771485735605907 ], [ 4.308936431525266, 50.772185002944504 ], [ 4.310030038496911, 50.763226748179093 ], [ 4.295892938361042, 50.762527634917895 ] ] ] } },
{ "type": "Feature", "properties": { "CELLCODE": "1kmE3919N3089", "EOFORIGIN": 3919000.0, "NOFORIGIN": 3089000.0 }, "geometry": { "type": "Polygon", "coordinates": [ [ [ 4.294796642316594, 50.771485735605907 ], [ 4.293699823537355, 50.780443801856364 ], [ 4.30784230308383, 50.781143223347897 ], [ 4.308936431525266, 50.772185002944504 ], [ 4.294796642316594, 50.771485735605907 ] ] ] } },
{ "type": "Feature", "properties": { "CELLCODE": "1kmE3919N3105", "EOFORIGIN": 3919000.0, "NOFORIGIN": 3105000.0 }, "geometry": { "type": "Polygon", "coordinates": [ [ [ 4.277184569192559, 50.914810694103409 ], [ 4.276079337692225, 50.923768215550659 ], [ 4.290265035380446, 50.924470113809782 ], [ 4.291367556186729, 50.915512436993339 ], [ 4.277184569192559, 50.914810694103409 ] ] ] } },
{ "type": "Feature", "properties": { "CELLCODE": "1kmE3920N3068", "EOFORIGIN": 3920000.0, "NOFORIGIN": 3068000.0 }, "geometry": { "type": "Polygon", "coordinates": [ [ [ 4.331793216925213, 50.584054366428447 ], [ 4.330709964778699, 50.593013318039894 ], [ 4.344796594435903, 50.593707794276675 ], [ 4.345877182355858, 50.584748690460714 ], [ 4.331793216925213, 50.584054366428447 ] ] ] } },
{ "type": "Feature", "properties": { "CELLCODE": "1kmE3920N3075", "EOFORIGIN": 3920000.0, "NOFORIGIN": 3075000.0 }, "geometry": { "type": "Polygon", "coordinates": [ [ [ 4.324199637444972, 50.646766288487207 ], [ 4.323112777197021, 50.655724994119311 ], [ 4.337218091442516, 50.656420537872577 ], [ 4.338302278707454, 50.647461679514379 ], [ 4.324199637444972, 50.646766288487207 ] ] ] } },
{ "type": "Feature", "properties": { "CELLCODE": "1kmE3920N3079", "EOFORIGIN": 3920000.0, "NOFORIGIN": 3079000.0 }, "geometry": { "type": "Polygon", "coordinates": [ [ [ 4.319849093927237, 50.682600901459104 ], [ 4.318760164150112, 50.69155946753947 ], [ 4.332876182878834, 50.692255622944828 ], [ 4.333962434650794, 50.683296903839185 ], [ 4.319849093927237, 50.682600901459104 ] ] ] } },
{ "type": "Feature", "properties": { "CELLCODE": "1kmE3920N3083", "EOFORIGIN": 3920000.0, "NOFORIGIN": 3083000.0 }, "geometry": { "type": "Polygon", "coordinates": [ [ [ 4.315490263798081, 50.718434957322629 ], [ 4.314399258824267, 50.727393384583543 ], [ 4.328526002158531, 50.728090152839734 ], [ 4.329614324091542, 50.719131572253573 ], [ 4.315490263798081, 50.718434957322629 ] ] ] } },
{ "type": "Feature", "properties": { "CELLCODE": "1kmE3920N3084", "EOFORIGIN": 3920000.0, "NOFORIGIN": 3084000.0 }, "geometry": { "type": "Polygon", "coordinates": [ [ [ 4.314399258824267, 50.727393384583543 ], [ 4.313307734163266, 50.736351777253923 ], [ 4.32743716179936, 50.737048698910527 ], [ 4.328526002158531, 50.728090152839734 ], [ 4.314399258824267, 50.727393384583543 ] ] ] } },
{ "type": "Feature", "properties": { "CELLCODE": "1kmE3920N3089", "EOFORIGIN": 3920000.0, "NOFORIGIN": 3089000.0 }, "geometry": { "type": "Polygon", "coordinates": [ [ [ 4.308936431525266, 50.772185002944504 ], [ 4.30784230308383, 50.781143223347897 ], [ 4.321985171174082, 50.781840913135333 ], [ 4.323076608995856, 50.772882538955095 ], [ 4.308936431525266, 50.772185002944504 ] ] ] } },
{ "type": "Feature", "properties": { "CELLCODE": "1kmE3920N3101", "EOFORIGIN": 3920000.0, "NOFORIGIN": 3101000.0 }, "geometry": { "type": "Polygon", "coordinates": [ [ [ 4.295772370735396, 50.879681392948513 ], [ 4.29467195667532, 50.888639204567653 ], [ 4.308847211202588, 50.889338745576516 ], [ 4.309944919393251, 50.880380779271803 ], [ 4.295772370735396, 50.879681392948513 ] ] ] } },
{ "type": "Feature", "properties": { "CELLCODE": "1kmE3920N3102", "EOFORIGIN": 3920000.0, "NOFORIGIN": 3102000.0 }, "geometry": { "type": "Polygon", "coordinates": [ [ [ 4.29467195667532, 50.888639204567653 ], [ 4.293571016471805, 50.897596982417795 ], [ 4.30774897814487, 50.898296678188309 ], [ 4.308847211202588, 50.889338745576516 ], [ 4.29467195667532, 50.888639204567653 ] ] ] } },
{ "type": "Feature", "properties": { "CELLCODE": "1kmE3921N3070", "EOFORIGIN": 3921000.0, "NOFORIGIN": 3070000.0 }, "geometry": { "type": "Polygon", "coordinates": [ [ [ 4.343715493375807, 50.602666862889571 ], [ 4.342633878825446, 50.611625896345281 ], [ 4.356726222985775, 50.612318952550034 ], [ 4.357805170535618, 50.603359767113787 ], [ 4.343715493375807, 50.602666862889571 ] ] ] } },
{ "type": "Feature", "properties": { "CELLCODE": "1kmE3921N3075", "EOFORIGIN": 3921000.0, "NOFORIGIN": 3075000.0 }, "geometry": { "type": "Polygon", "coordinates": [ [ [ 4.338302278707454, 50.647461679514379 ], [ 4.337218091442516, 50.656420537872577 ], [ 4.351323789377276, 50.657114355095189 ], [ 4.35240530338162, 50.648155344384541 ], [ 4.338302278707454, 50.647461679514379 ] ] ] } },
{ "type": "Feature", "properties": { "CELLCODE": "1kmE3921N3076", "EOFORIGIN": 3921000.0, "NOFORIGIN": 3076000.0 }, "geometry": { "type": "Polygon", "coordinates": [ [ [ 4.337218091442516, 50.656420537872577 ], [ 4.336133388579747, 50.66537936134889 ], [ 4.35024176102963, 50.666073330998458 ], [ 4.351323789377276, 50.657114355095189 ], [ 4.337218091442516, 50.656420537872577 ] ] ] } },
{ "type": "Feature", "properties": { "CELLCODE": "1kmE3921N3079", "EOFORIGIN": 3921000.0, "NOFORIGIN": 3079000.0 }, "geometry": { "type": "Polygon", "coordinates": [ [ [ 4.333962434650794, 50.683296903839185 ], [ 4.332876182878834, 50.692255622944828 ], [ 4.346992586409693, 50.692950050323098 ], [ 4.348076159897883, 50.683991178566536 ], [ 4.333962434650794, 50.683296903839185 ] ] ] } },
{ "type": "Feature", "properties": { "CELLCODE": "1kmE3921N3080", "EOFORIGIN": 3921000.0, "NOFORIGIN": 3080000.0 }, "geometry": { "type": "Polygon", "coordinates": [ [ [ 4.332876182878834, 50.692255622944828 ], [ 4.331789414097498, 50.701214307351904 ], [ 4.345908497170024, 50.701908887455815 ], [ 4.346992586409693, 50.692950050323098 ], [ 4.332876182878834, 50.692255622944828 ] ] ] } },
{ "type": "Feature", "properties": { "CELLCODE": "1kmE3921N3100", "EOFORIGIN": 3921000.0, "NOFORIGIN": 3100000.0 }, "geometry": { "type": "Polygon", "coordinates": [ [ [ 4.311042103077521, 50.871422779228546 ], [ 4.309944919393251, 50.880380779271803 ], [ 4.324117858763725, 50.881078429664434 ], [ 4.325212337570042, 50.87212027538979 ], [ 4.311042103077521, 50.871422779228546 ] ] ] } },
{ "type": "Feature", "properties": { "CELLCODE": "1kmE3921N3102", "EOFORIGIN": 3921000.0, "NOFORIGIN": 3102000.0 }, "geometry": { "type": "Polygon", "coordinates": [ [ [ 4.308847211202588, 50.889338745576516 ], [ 4.30774897814487, 50.898296678188309 ], [ 4.321927331099473, 50.898994637271294 ], [ 4.323022856726801, 50.890036550276378 ], [ 4.308847211202588, 50.889338745576516 ] ] ] } },
{ "type": "Feature", "properties": { "CELLCODE": "1kmE3921N3104", "EOFORIGIN": 3921000.0, "NOFORIGIN": 3104000.0 }, "geometry": { "type": "Polygon", "coordinates": [ [ [ 4.306650219859113, 50.907254577152806 ], [ 4.305550935983981, 50.916212442515572 ], [ 4.319734707632744, 50.91691071059266 ], [ 4.320831281521609, 50.907952690694842 ], [ 4.306650219859113, 50.907254577152806 ] ] ] } },
{ "type": "Feature", "properties": { "CELLCODE": "1kmE3921N3105", "EOFORIGIN": 3921000.0, "NOFORIGIN": 3105000.0 }, "geometry": { "type": "Polygon", "coordinates": [ [ [ 4.305550935983981, 50.916212442515572 ], [ 4.304451126157818, 50.925170274322227 ], [ 4.318637609072078, 50.925868697010394 ], [ 4.319734707632744, 50.91691071059266 ], [ 4.305550935983981, 50.916212442515572 ] ] ] } },
{ "type": "Feature", "properties": { "CELLCODE": "1kmE3922N3070", "EOFORIGIN": 3922000.0, "NOFORIGIN": 3070000.0 }, "geometry": { "type": "Polygon", "coordinates": [ [ [ 4.357805170535618, 50.603359767113787 ], [ 4.356726222985775, 50.612318952550034 ], [ 4.370818948521052, 50.613010284015239 ], [ 4.371895228794733, 50.604050946971299 ], [ 4.357805170535618, 50.603359767113787 ] ] ] } },
{ "type": "Feature", "properties": { "CELLCODE": "1kmE3922N3079", "EOFORIGIN": 3922000.0, "NOFORIGIN": 3079000.0 }, "geometry": { "type": "Polygon", "coordinates": [ [ [ 4.348076159897883, 50.683991178566536 ], [ 4.346992586409693, 50.692950050323098 ], [ 4.361109373807728, 50.693642749598418 ], [ 4.362190268734213, 50.684683725565385 ], [ 4.348076159897883, 50.683991178566536 ] ] ] } },
{ "type": "Feature", "properties": { "CELLCODE": "1kmE3922N3080", "EOFORIGIN": 3922000.0, "NOFORIGIN": 3080000.0 }, "geometry": { "type": "Polygon", "coordinates": [ [ [ 4.346992586409693, 50.692950050323098 ], [ 4.345908497170024, 50.701908887455815 ], [ 4.36002796438792, 50.702601739082162 ], [ 4.361109373807728, 50.693642749598418 ], [ 4.346992586409693, 50.692950050323098 ] ] ] } },
{ "type": "Feature", "properties": { "CELLCODE": "1kmE3922N3104", "EOFORIGIN": 3922000.0, "NOFORIGIN": 3104000.0 }, "geometry": { "type": "Polygon", "coordinates": [ [ [ 4.320831281521609, 50.907952690694842 ], [ 4.319734707632744, 50.91691071059266 ], [ 4.33391887018124, 50.917607241147294 ], [ 4.335012733799398, 50.908649067093378 ], [ 4.320831281521609, 50.907952690694842 ] ] ] } },
{ "type": "Feature", "properties": { "CELLCODE": "1kmE3922N3105", "EOFORIGIN": 3922000.0, "NOFORIGIN": 3105000.0 }, "geometry": { "type": "Polygon", "coordinates": [ [ [ 4.319734707632744, 50.91691071059266 ], [ 4.318637609072078, 50.925868697010394 ], [ 4.332824483170775, 50.926565381796969 ], [ 4.33391887018124, 50.917607241147294 ], [ 4.319734707632744, 50.91691071059266 ] ] ] } },
{ "type": "Feature", "properties": { "CELLCODE": "1kmE3922N3106", "EOFORIGIN": 3922000.0, "NOFORIGIN": 3106000.0 }, "geometry": { "type": "Polygon", "coordinates": [ [ [ 4.318637609072078, 50.925868697010394 ], [ 4.317539985478471, 50.934826649993688 ], [ 4.331729572407732, 50.935523489088119 ], [ 4.332824483170775, 50.926565381796969 ], [ 4.318637609072078, 50.925868697010394 ] ] ] } },
{ "type": "Feature", "properties": { "CELLCODE": "1kmE3923N3075", "EOFORIGIN": 3923000.0, "NOFORIGIN": 3075000.0 }, "geometry": { "type": "Polygon", "coordinates": [ [ [ 4.366508710535844, 50.6488472830221 ], [ 4.365429870069002, 50.657806445711472 ], [ 4.379536332585201, 50.65849680964601 ], [ 4.380612499238286, 50.649537495351673 ], [ 4.366508710535844, 50.6488472830221 ] ] ] } },
{ "type": "Feature", "properties": { "CELLCODE": "1kmE3923N3080", "EOFORIGIN": 3923000.0, "NOFORIGIN": 3080000.0 }, "geometry": { "type": "Polygon", "coordinates": [ [ [ 4.361109373807728, 50.693642749598418 ], [ 4.36002796438792, 50.702601739082162 ], [ 4.374147814815367, 50.703292862155223 ], [ 4.375226544137786, 50.694333720695091 ], [ 4.361109373807728, 50.693642749598418 ] ] ] } },
{ "type": "Feature", "properties": { "CELLCODE": "1kmE3923N3081", "EOFORIGIN": 3923000.0, "NOFORIGIN": 3081000.0 }, "geometry": { "type": "Polygon", "coordinates": [ [ [ 4.36002796438792, 50.702601739082162 ], [ 4.358946040122774, 50.711560694062584 ], [ 4.373068571906867, 50.712251969186426 ], [ 4.374147814815367, 50.703292862155223 ], [ 4.36002796438792, 50.702601739082162 ] ] ] } },
{ "type": "Feature", "properties": { "CELLCODE": "1kmE3923N3104", "EOFORIGIN": 3923000.0, "NOFORIGIN": 3104000.0 }, "geometry": { "type": "Polygon", "coordinates": [ [ [ 4.335012733799398, 50.908649067093378 ], [ 4.33391887018124, 50.917607241147294 ], [ 4.348103422677475, 50.918302034102304 ], [ 4.349194575741173, 50.909343706271329 ], [ 4.335012733799398, 50.908649067093378 ] ] ] } },
{ "type": "Feature", "properties": { "CELLCODE": "1kmE3924N3079", "EOFORIGIN": 3924000.0, "NOFORIGIN": 3079000.0 }, "geometry": { "type": "Polygon", "coordinates": [ [ [ 4.376304760225294, 50.685374544760073 ], [ 4.375226544137786, 50.694333720695091 ], [ 4.389344096464512, 50.695022963537632 ], [ 4.390419633436442, 50.686063636075197 ], [ 4.376304760225294, 50.685374544760073 ] ] ] } },
{ "type": "Feature", "properties": { "CELLCODE": "1kmE3924N3081", "EOFORIGIN": 3924000.0, "NOFORIGIN": 3081000.0 }, "geometry": { "type": "Polygon", "coordinates": [ [ [ 4.374147814815367, 50.703292862155223 ], [ 4.373068571906867, 50.712251969186426 ], [ 4.387191486241607, 50.712941515306518 ], [ 4.388268047516342, 50.703982256599403 ], [ 4.374147814815367, 50.703292862155223 ] ] ] } },
{ "type": "Feature", "properties": { "CELLCODE": "1kmE3924N3106", "EOFORIGIN": 3924000.0, "NOFORIGIN": 3106000.0 }, "geometry": { "type": "Polygon", "coordinates": [ [ [ 4.347011747501235, 50.927260328604731 ], [ 4.345919549853038, 50.936218589824335 ], [ 4.360109916860845, 50.936911952125342 ], [ 4.361199401110588, 50.9279535373567 ], [ 4.347011747501235, 50.927260328604731 ] ] ] } },
{ "type": "Feature", "properties": { "CELLCODE": "1kmE3925N3095", "EOFORIGIN": 3925000.0, "NOFORIGIN": 3095000.0 }, "geometry": { "type": "Polygon", "coordinates": [ [ [ 4.373149407962573, 50.829408773144806 ], [ 4.37206563714946, 50.838367555713063 ], [ 4.386226612591748, 50.839057498773656 ], [ 4.387307683768714, 50.830098563862016 ], [ 4.373149407962573, 50.829408773144806 ] ] ] } },
{ "type": "Feature", "properties": { "CELLCODE": "1kmE3925N3104", "EOFORIGIN": 3925000.0, "NOFORIGIN": 3104000.0 }, "geometry": { "type": "Polygon", "coordinates": [ [ [ 4.363376806395421, 50.910036608151827 ], [ 4.362288364169267, 50.918995089380793 ], [ 4.37647369370421, 50.919686406905981 ], [ 4.377559424810428, 50.910727772658177 ], [ 4.363376806395421, 50.910036608151827 ] ] ] } },
{ "type": "Feature", "properties": { "CELLCODE": "1kmE3925N3105", "EOFORIGIN": 3925000.0, "NOFORIGIN": 3105000.0 }, "geometry": { "type": "Polygon", "coordinates": [ [ [ 4.362288364169267, 50.918995089380793 ], [ 4.361199401110588, 50.9279535373567 ], [ 4.375387443045755, 50.928645007976051 ], [ 4.37647369370421, 50.919686406905981 ], [ 4.362288364169267, 50.918995089380793 ] ] ] } },
{ "type": "Feature", "properties": { "CELLCODE": "1kmE3925N3106", "EOFORIGIN": 3925000.0, "NOFORIGIN": 3106000.0 }, "geometry": { "type": "Polygon", "coordinates": [ [ [ 4.361199401110588, 50.9279535373567 ], [ 4.360109916860845, 50.936911952125342 ], [ 4.374300672477382, 50.937603575914224 ], [ 4.375387443045755, 50.928645007976051 ], [ 4.361199401110588, 50.9279535373567 ] ] ] } },
{ "type": "Feature", "properties": { "CELLCODE": "1kmE3926N3104", "EOFORIGIN": 3926000.0, "NOFORIGIN": 3104000.0 }, "geometry": { "type": "Polygon", "coordinates": [ [ [ 4.377559424810428, 50.910727772658177 ], [ 4.37647369370421, 50.919686406905981 ], [ 4.390659410329705, 50.920375986601314 ], [ 4.391742430034273, 50.911417199713853 ], [ 4.377559424810428, 50.910727772658177 ] ] ] } },
{ "type": "Feature", "properties": { "CELLCODE": "1kmE3926N3106", "EOFORIGIN": 3926000.0, "NOFORIGIN": 3106000.0 }, "geometry": { "type": "Polygon", "coordinates": [ [ [ 4.375387443045755, 50.928645007976051 ], [ 4.374300672477382, 50.937603575914224 ], [ 4.388491815748684, 50.93829346111432 ], [ 4.389575872353447, 50.929334740386182 ], [ 4.375387443045755, 50.928645007976051 ] ] ] } },
{ "type": "Feature", "properties": { "CELLCODE": "1kmE3926N3107", "EOFORIGIN": 3926000.0, "NOFORIGIN": 3107000.0 }, "geometry": { "type": "Polygon", "coordinates": [ [ [ 4.374300672477382, 50.937603575914224 ], [ 4.373213381641079, 50.94656211076633 ], [ 4.38740724015827, 50.947252148831637 ], [ 4.388491815748684, 50.93829346111432 ], [ 4.374300672477382, 50.937603575914224 ] ] ] } },
{ "type": "Feature", "properties": { "CELLCODE": "1kmE3927N3069", "EOFORIGIN": 3927000.0, "NOFORIGIN": 3069000.0 }, "geometry": { "type": "Polygon", "coordinates": [ [ [ 4.429324356687104, 50.597838446774666 ], [ 4.428259254250745, 50.606798421234579 ], [ 4.442351204074538, 50.607480978135428 ], [ 4.443413639117447, 50.598520854005905 ], [ 4.429324356687104, 50.597838446774666 ] ] ] } },
{ "type": "Feature", "properties": { "CELLCODE": "1kmE3927N3075", "EOFORIGIN": 3927000.0, "NOFORIGIN": 3075000.0 }, "geometry": { "type": "Polygon", "coordinates": [ [ [ 4.422926145313631, 50.651597773741202 ], [ 4.421858001752681, 50.660557540607243 ], [ 4.435965982237829, 50.661240997063857 ], [ 4.437031450886656, 50.652281080088486 ], [ 4.422926145313631, 50.651597773741202 ] ] ] } },
{ "type": "Feature", "properties": { "CELLCODE": "1kmE3927N3081", "EOFORIGIN": 3927000.0, "NOFORIGIN": 3081000.0 }, "geometry": { "type": "Polygon", "coordinates": [ [ [ 4.41650965599381, 50.705355859299935 ], [ 4.415438458815279, 50.714315420233909 ], [ 4.429562515179838, 50.714999778890878 ], [ 4.430631029897261, 50.706040067406065 ], [ 4.41650965599381, 50.705355859299935 ] ] ] } },
{ "type": "Feature", "properties": { "CELLCODE": "1kmE3927N3082", "EOFORIGIN": 3927000.0, "NOFORIGIN": 3082000.0 }, "geometry": { "type": "Polygon", "coordinates": [ [ [ 4.415438458815279, 50.714315420233909 ], [ 4.414366751481013, 50.723274947007283 ], [ 4.428493491567804, 50.723959456288867 ], [ 4.429562515179838, 50.714999778890878 ], [ 4.415438458815279, 50.714315420233909 ] ] ] } },
{ "type": "Feature", "properties": { "CELLCODE": "1kmE3927N3105", "EOFORIGIN": 3927000.0, "NOFORIGIN": 3105000.0 }, "geometry": { "type": "Polygon", "coordinates": [ [ [ 4.390659410329705, 50.920375986601314 ], [ 4.389575872353447, 50.929334740386182 ], [ 4.403764688080179, 50.930022734510629 ], [ 4.404845513092944, 50.92106382839043 ], [ 4.390659410329705, 50.920375986601314 ] ] ] } },
{ "type": "Feature", "properties": { "CELLCODE": "1kmE3927N3107", "EOFORIGIN": 3927000.0, "NOFORIGIN": 3107000.0 }, "geometry": { "type": "Polygon", "coordinates": [ [ [ 4.388491815748684, 50.93829346111432 ], [ 4.38740724015827, 50.947252148831637 ], [ 4.401601485657872, 50.947940447851828 ], [ 4.402683345720584, 50.938981607649112 ], [ 4.388491815748684, 50.93829346111432 ] ] ] } },
{ "type": "Feature", "properties": { "CELLCODE": "1kmE3928N3072", "EOFORIGIN": 3928000.0, "NOFORIGIN": 3072000.0 }, "geometry": { "type": "Polygon", "coordinates": [ [ [ 4.440224819428775, 50.62540112251682 ], [ 4.439160869136425, 50.634361142861202 ], [ 4.453261204990977, 50.635042423275351 ], [ 4.454322483862141, 50.626082253415255 ], [ 4.440224819428775, 50.62540112251682 ] ] ] } },
{ "type": "Feature", "properties": { "CELLCODE": "1kmE3928N3078", "EOFORIGIN": 3928000.0, "NOFORIGIN": 3078000.0 }, "geometry": { "type": "Polygon", "coordinates": [ [ [ 4.433833524161363, 50.679160727969069 ], [ 4.432766534040392, 50.688120541991331 ], [ 4.446882924780934, 50.688802721037355 ], [ 4.447947235945398, 50.679842757059824 ], [ 4.433833524161363, 50.679160727969069 ] ] ] } },
{ "type": "Feature", "properties": { "CELLCODE": "1kmE3928N3079", "EOFORIGIN": 3928000.0, "NOFORIGIN": 3079000.0 }, "geometry": { "type": "Polygon", "coordinates": [ [ [ 4.432766534040392, 50.688120541991331 ], [ 4.431699036068182, 50.69708032178827 ], [ 4.445818107024067, 50.697762650862977 ], [ 4.446882924780934, 50.688802721037355 ], [ 4.432766534040392, 50.688120541991331 ] ] ] } },
{ "type": "Feature", "properties": { "CELLCODE": "1kmE3928N3080", "EOFORIGIN": 3928000.0, "NOFORIGIN": 3080000.0 }, "geometry": { "type": "Polygon", "coordinates": [ [ [ 4.431699036068182, 50.69708032178827 ], [ 4.430631029897261, 50.706040067406065 ], [ 4.444752782328169, 50.706722546582952 ], [ 4.445818107024067, 50.697762650862977 ], [ 4.431699036068182, 50.69708032178827 ] ] ] } },
{ "type": "Feature", "properties": { "CELLCODE": "1kmE3928N3081", "EOFORIGIN": 3928000.0, "NOFORIGIN": 3081000.0 }, "geometry": { "type": "Polygon", "coordinates": [ [ [ 4.430631029897261, 50.706040067406065 ], [ 4.429562515179838, 50.714999778890878 ], [ 4.443686950346302, 50.715682408243474 ], [ 4.444752782328169, 50.706722546582952 ], [ 4.430631029897261, 50.706040067406065 ] ] ] } },
{ "type": "Feature", "properties": { "CELLCODE": "1kmE3928N3082", "EOFORIGIN": 3928000.0, "NOFORIGIN": 3082000.0 }, "geometry": { "type": "Polygon", "coordinates": [ [ [ 4.429562515179838, 50.714999778890878 ], [ 4.428493491567804, 50.723959456288867 ], [ 4.4426206107312, 50.724642235890769 ], [ 4.443686950346302, 50.715682408243474 ], [ 4.429562515179838, 50.714999778890878 ] ] ] } },
{ "type": "Feature", "properties": { "CELLCODE": "1kmE3928N3087", "EOFORIGIN": 3928000.0, "NOFORIGIN": 3087000.0 }, "geometry": { "type": "Polygon", "coordinates": [ [ [ 4.424212301200061, 50.759797825935507 ], [ 4.42314072788202, 50.768757333591466 ], [ 4.437281285980415, 50.769440865545413 ], [ 4.438350168981913, 50.760481207271475 ], [ 4.424212301200061, 50.759797825935507 ] ] ] } },
{ "type": "Feature", "properties": { "CELLCODE": "1kmE3928N3105", "EOFORIGIN": 3928000.0, "NOFORIGIN": 3105000.0 }, "geometry": { "type": "Polygon", "coordinates": [ [ [ 4.404845513092944, 50.92106382839043 ], [ 4.403764688080179, 50.930022734510629 ], [ 4.41795388927226, 50.930708990273175 ], [ 4.41903200104092, 50.921749932197116 ], [ 4.404845513092944, 50.92106382839043 ] ] ] } },
{ "type": "Feature", "properties": { "CELLCODE": "1kmE3928N3106", "EOFORIGIN": 3928000.0, "NOFORIGIN": 3106000.0 }, "geometry": { "type": "Polygon", "coordinates": [ [ [ 4.403764688080179, 50.930022734510629 ], [ 4.402683345720584, 50.938981607649112 ], [ 4.416875261438701, 50.939668015442329 ], [ 4.41795388927226, 50.930708990273175 ], [ 4.403764688080179, 50.930022734510629 ] ] ] } },
{ "type": "Feature", "properties": { "CELLCODE": "1kmE3928N3112", "EOFORIGIN": 3928000.0, "NOFORIGIN": 3112000.0 }, "geometry": { "type": "Polygon", "coordinates": [ [ [ 4.397268861238619, 50.983775480223166 ], [ 4.39618440730448, 50.992734156435638 ], [ 4.410392637148001, 50.993421477986892 ], [ 4.41147436884628, 50.984462649293768 ], [ 4.397268861238619, 50.983775480223166 ] ] ] } },
{ "type": "Feature", "properties": { "CELLCODE": "1kmE3929N3072", "EOFORIGIN": 3929000.0, "NOFORIGIN": 3072000.0 }, "geometry": { "type": "Polygon", "coordinates": [ [ [ 4.454322483862141, 50.626082253415255 ], [ 4.453261204990977, 50.635042423275351 ], [ 4.467361916254812, 50.635721977680667 ], [ 4.468420523433274, 50.626761658678411 ], [ 4.454322483862141, 50.626082253415255 ] ] ] } },
{ "type": "Feature", "properties": { "CELLCODE": "1kmE3929N3076", "EOFORIGIN": 3929000.0, "NOFORIGIN": 3076000.0 }, "geometry": { "type": "Polygon", "coordinates": [ [ [ 4.450074339881994, 50.661922726464169 ], [ 4.449011040863758, 50.670882758884183 ], [ 4.463122451447133, 50.671562910588115 ], [ 4.46418307375149, 50.662602728733845 ], [ 4.450074339881994, 50.661922726464169 ] ] ] } },
{ "type": "Feature", "properties": { "CELLCODE": "1kmE3929N3083", "EOFORIGIN": 3929000.0, "NOFORIGIN": 3083000.0 }, "geometry": { "type": "Polygon", "coordinates": [ [ [ 4.4426206107312, 50.724642235890769 ], [ 4.441553763135279, 50.733602029571031 ], [ 4.455683945970367, 50.734283229365886 ], [ 4.456748108032849, 50.725323285738241 ], [ 4.4426206107312, 50.724642235890769 ] ] ] } },
{ "type": "Feature", "properties": { "CELLCODE": "1kmE3929N3087", "EOFORIGIN": 3929000.0, "NOFORIGIN": 3087000.0 }, "geometry": { "type": "Polygon", "coordinates": [ [ [ 4.438350168981913, 50.760481207271475 ], [ 4.437281285980415, 50.769440865545413 ], [ 4.451422223591024, 50.770122665865394 ], [ 4.452488416000676, 50.761162857349717 ], [ 4.438350168981913, 50.760481207271475 ] ] ] } },
{ "type": "Feature", "properties": { "CELLCODE": "1kmE3929N3088", "EOFORIGIN": 3929000.0, "NOFORIGIN": 3088000.0 }, "geometry": { "type": "Polygon", "coordinates": [ [ [ 4.437281285980415, 50.769440865545413 ], [ 4.436211893255332, 50.7784004900832 ], [ 4.450355522724514, 50.779082440718575 ], [ 4.451422223591024, 50.770122665865394 ], [ 4.437281285980415, 50.769440865545413 ] ] ] } },
{ "type": "Feature", "properties": { "CELLCODE": "1kmE3929N3094", "EOFORIGIN": 3929000.0, "NOFORIGIN": 3094000.0 }, "geometry": { "type": "Polygon", "coordinates": [ [ [ 4.430857271531522, 50.823198108344386 ], [ 4.429784813113605, 50.832157531433921 ], [ 4.443944620383319, 50.83284038551259 ], [ 4.445014379324365, 50.82388081166431 ], [ 4.430857271531522, 50.823198108344386 ] ] ] } },
{ "type": "Feature", "properties": { "CELLCODE": "1kmE3929N3105", "EOFORIGIN": 3929000.0, "NOFORIGIN": 3105000.0 }, "geometry": { "type": "Polygon", "coordinates": [ [ [ 4.41903200104092, 50.921749932197116 ], [ 4.41795388927226, 50.930708990273175 ], [ 4.432143474975789, 50.931393507597726 ], [ 4.433218873220413, 50.922434297945365 ], [ 4.41903200104092, 50.921749932197116 ] ] ] } },
{ "type": "Feature", "properties": { "CELLCODE": "1kmE3929N3117", "EOFORIGIN": 3929000.0, "NOFORIGIN": 3117000.0 }, "geometry": { "type": "Polygon", "coordinates": [ [ [ 4.406060521178079, 51.029256467366579 ], [ 4.404976193100191, 51.038215133592828 ], [ 4.419198441351644, 51.038901475669157 ], [ 4.420280040461805, 51.029942656967584 ], [ 4.406060521178079, 51.029256467366579 ] ] ] } },
{ "type": "Feature", "properties": { "CELLCODE": "1kmE3930N3067", "EOFORIGIN": 3930000.0, "NOFORIGIN": 3067000.0 }, "geometry": { "type": "Polygon", "coordinates": [ [ [ 4.473706022358192, 50.581959546697774 ], [ 4.472649926359682, 50.590920038177693 ], [ 4.486737664809153, 50.591597123384197 ], [ 4.487791095102923, 50.582636483498867 ], [ 4.473706022358192, 50.581959546697774 ] ] ] } },
{ "type": "Feature", "properties": { "CELLCODE": "1kmE3930N3068", "EOFORIGIN": 3930000.0, "NOFORIGIN": 3068000.0 }, "geometry": { "type": "Polygon", "coordinates": [ [ [ 4.472649926359682, 50.590920038177693 ], [ 4.471593328810373, 50.599880495069335 ], [ 4.485683734214669, 50.600557728753778 ], [ 4.486737664809153, 50.591597123384197 ], [ 4.472649926359682, 50.590920038177693 ] ] ] } },
{ "type": "Feature", "properties": { "CELLCODE": "1kmE3930N3070", "EOFORIGIN": 3930000.0, "NOFORIGIN": 3070000.0 }, "geometry": { "type": "Polygon", "coordinates": [ [ [ 4.470536229367984, 50.608840917419094 ], [ 4.469478627689923, 50.617801305273332 ], [ 4.483574370757481, 50.61847883613143 ], [ 4.48462930297803, 50.609518299654063 ], [ 4.470536229367984, 50.608840917419094 ] ] ] } },
{ "type": "Feature", "properties": { "CELLCODE": "1kmE3930N3072", "EOFORIGIN": 3930000.0, "NOFORIGIN": 3072000.0 }, "geometry": { "type": "Polygon", "coordinates": [ [ [ 4.468420523433274, 50.626761658678411 ], [ 4.467361916254812, 50.635721977680667 ], [ 4.481463001996037, 50.636399806003098 ], [ 4.482518937210945, 50.627439338232321 ], [ 4.468420523433274, 50.626761658678411 ] ] ] } },
{ "type": "Feature", "properties": { "CELLCODE": "1kmE3930N3075", "EOFORIGIN": 3930000.0, "NOFORIGIN": 3075000.0 }, "geometry": { "type": "Polygon", "coordinates": [ [ [ 4.465243191757939, 50.653642512662053 ], [ 4.46418307375149, 50.662602728733845 ], [ 4.478292182912439, 50.663281003798701 ], [ 4.479349625189965, 50.654320638739918 ], [ 4.465243191757939, 50.653642512662053 ] ] ] } },
{ "type": "Feature", "properties": { "CELLCODE": "1kmE3930N3083", "EOFORIGIN": 3930000.0, "NOFORIGIN": 3083000.0 }, "geometry": { "type": "Polygon", "coordinates": [ [ [ 4.456748108032849, 50.725323285738241 ], [ 4.455683945970367, 50.734283229365886 ], [ 4.469814506278774, 50.734962698956132 ], [ 4.470875982534197, 50.726002605756698 ], [ 4.456748108032849, 50.725323285738241 ] ] ] } },
{ "type": "Feature", "properties": { "CELLCODE": "1kmE3930N3084", "EOFORIGIN": 3930000.0, "NOFORIGIN": 3084000.0 }, "geometry": { "type": "Polygon", "coordinates": [ [ [ 4.455683945970367, 50.734283229365886 ], [ 4.454619276842486, 50.743243139146195 ], [ 4.468752524221529, 50.743922758381551 ], [ 4.469814506278774, 50.734962698956132 ], [ 4.455683945970367, 50.734283229365886 ] ] ] } },
{ "type": "Feature", "properties": { "CELLCODE": "1kmE3930N3087", "EOFORIGIN": 3930000.0, "NOFORIGIN": 3087000.0 }, "geometry": { "type": "Polygon", "coordinates": [ [ [ 4.452488416000676, 50.761162857349717 ], [ 4.451422223591024, 50.770122665865394 ], [ 4.465563539771944, 50.770802734476511 ], [ 4.466627041315124, 50.76184277609547 ], [ 4.452488416000676, 50.761162857349717 ] ] ] } },
{ "type": "Feature", "properties": { "CELLCODE": "1kmE3930N3088", "EOFORIGIN": 3930000.0, "NOFORIGIN": 3088000.0 }, "geometry": { "type": "Polygon", "coordinates": [ [ [ 4.451422223591024, 50.770122665865394 ], [ 4.450355522724514, 50.779082440718575 ], [ 4.46449953103889, 50.77976265926862 ], [ 4.465563539771944, 50.770802734476511 ], [ 4.451422223591024, 50.770122665865394 ] ] ] } },
{ "type": "Feature", "properties": { "CELLCODE": "1kmE3930N3104", "EOFORIGIN": 3930000.0, "NOFORIGIN": 3104000.0 }, "geometry": { "type": "Polygon", "coordinates": [ [ [ 4.434293757036553, 50.9134750554147 ], [ 4.433218873220413, 50.922434297945365 ], [ 4.447406128678013, 50.923116925559384 ], [ 4.448478299972459, 50.914157531906405 ], [ 4.434293757036553, 50.9134750554147 ] ] ] } },
{ "type": "Feature", "properties": { "CELLCODE": "1kmE3930N3106", "EOFORIGIN": 3930000.0, "NOFORIGIN": 3106000.0 }, "geometry": { "type": "Polygon", "coordinates": [ [ [ 4.432143474975789, 50.931393507597726 ], [ 4.431067561948459, 50.940352684417824 ], [ 4.445260246295069, 50.941035614499668 ], [ 4.446333444236668, 50.932076286408432 ], [ 4.432143474975789, 50.931393507597726 ] ] ] } },
{ "type": "Feature", "properties": { "CELLCODE": "1kmE3930N3107", "EOFORIGIN": 3930000.0, "NOFORIGIN": 3107000.0 }, "geometry": { "type": "Polygon", "coordinates": [ [ [ 4.431067561948459, 50.940352684417824 ], [ 4.429991133783872, 50.949311828451663 ], [ 4.444186534499536, 50.949994909879159 ], [ 4.445260246295069, 50.941035614499668 ], [ 4.431067561948459, 50.940352684417824 ] ] ] } },
{ "type": "Feature", "properties": { "CELLCODE": "1kmE3930N3108", "EOFORIGIN": 3930000.0, "NOFORIGIN": 3108000.0 }, "geometry": { "type": "Polygon", "coordinates": [ [ [ 4.429991133783872, 50.949311828451663 ], [ 4.428914190127153, 50.958270939745333 ], [ 4.443112308496058, 50.95895417259301 ], [ 4.444186534499536, 50.949994909879159 ], [ 4.429991133783872, 50.949311828451663 ] ] ] } },
{ "type": "Feature", "properties": { "CELLCODE": "1kmE3930N3117", "EOFORIGIN": 3930000.0, "NOFORIGIN": 3117000.0 }, "geometry": { "type": "Polygon", "coordinates": [ [ [ 4.420280040461805, 51.029942656967584 ], [ 4.419198441351644, 51.038901475669157 ], [ 4.433421076531719, 51.039586074661969 ], [ 4.434499946391772, 51.030627103866898 ], [ 4.420280040461805, 51.029942656967584 ] ] ] } },
{ "type": "Feature", "properties": { "CELLCODE": "1kmE3930N3118", "EOFORIGIN": 3930000.0, "NOFORIGIN": 3118000.0 }, "geometry": { "type": "Polygon", "coordinates": [ [ [ 4.419198441351644, 51.038901475669157 ], [ 4.418116323182313, 51.047860262090289 ], [ 4.432341688905402, 51.04854501325169 ], [ 4.433421076531719, 51.039586074661969 ], [ 4.419198441351644, 51.038901475669157 ] ] ] } },
{ "type": "Feature", "properties": { "CELLCODE": "1kmE3930N3119", "EOFORIGIN": 3930000.0, "NOFORIGIN": 3119000.0 }, "geometry": { "type": "Polygon", "coordinates": [ [ [ 4.418116323182313, 51.047860262090289 ], [ 4.417033685595275, 51.056819016276947 ], [ 4.431261783155162, 51.057503919682034 ], [ 4.432341688905402, 51.04854501325169 ], [ 4.418116323182313, 51.047860262090289 ] ] ] } },
{ "type": "Feature", "properties": { "CELLCODE": "1kmE3930N3120", "EOFORIGIN": 3930000.0, "NOFORIGIN": 3120000.0 }, "geometry": { "type": "Polygon", "coordinates": [ [ [ 4.417033685595275, 51.056819016276947 ], [ 4.415950528231656, 51.06577773827501 ], [ 4.430181358923003, 51.066462793998944 ], [ 4.431261783155162, 51.057503919682034 ], [ 4.417033685595275, 51.056819016276947 ] ] ] } },
{ "type": "Feature", "properties": { "CELLCODE": "1kmE3930N3121", "EOFORIGIN": 3930000.0, "NOFORIGIN": 3121000.0 }, "geometry": { "type": "Polygon", "coordinates": [ [ [ 4.415950528231656, 51.06577773827501 ], [ 4.414866850732253, 51.074736428130407 ], [ 4.429100415850599, 51.07542163624845 ], [ 4.430181358923003, 51.066462793998944 ], [ 4.415950528231656, 51.06577773827501 ] ] ] } },
{ "type": "Feature", "properties": { "CELLCODE": "1kmE3931N3062", "EOFORIGIN": 3931000.0, "NOFORIGIN": 3062000.0 }, "geometry": { "type": "Polygon", "coordinates": [ [ [ 4.493050753989519, 50.537832764710707 ], [ 4.491999820088697, 50.546793577871377 ], [ 4.506074613353182, 50.547468199347037 ], [ 4.507122887519444, 50.538507238514704 ], [ 4.493050753989519, 50.537832764710707 ] ] ] } },
{ "type": "Feature", "properties": { "CELLCODE": "1kmE3931N3063", "EOFORIGIN": 3931000.0, "NOFORIGIN": 3063000.0 }, "geometry": { "type": "Polygon", "coordinates": [ [ [ 4.491999820088697, 50.546793577871377 ], [ 4.490948387589653, 50.555754356284062 ], [ 4.505025841834855, 50.556429125503485 ], [ 4.506074613353182, 50.547468199347037 ], [ 4.491999820088697, 50.546793577871377 ] ] ] } },
{ "type": "Feature", "properties": { "CELLCODE": "1kmE3931N3066", "EOFORIGIN": 3931000.0, "NOFORIGIN": 3066000.0 }, "geometry": { "type": "Polygon", "coordinates": [ [ [ 4.488844025437107, 50.573675809051352 ], [ 4.487791095102923, 50.582636483498867 ], [ 4.501876539775552, 50.583311696382637 ], [ 4.502926805385545, 50.57435087397478 ], [ 4.488844025437107, 50.573675809051352 ] ] ] } },
{ "type": "Feature", "properties": { "CELLCODE": "1kmE3931N3067", "EOFORIGIN": 3931000.0, "NOFORIGIN": 3067000.0 }, "geometry": { "type": "Polygon", "coordinates": [ [ [ 4.487791095102923, 50.582636483498867 ], [ 4.486737664809153, 50.591597123384197 ], [ 4.500825775455471, 50.592272484300594 ], [ 4.501876539775552, 50.583311696382637 ], [ 4.487791095102923, 50.582636483498867 ] ] ] } },
{ "type": "Feature", "properties": { "CELLCODE": "1kmE3931N3070", "EOFORIGIN": 3931000.0, "NOFORIGIN": 3070000.0 }, "geometry": { "type": "Polygon", "coordinates": [ [ [ 4.48462930297803, 50.609518299654063 ], [ 4.483574370757481, 50.61847883613143 ], [ 4.497670486830219, 50.619154641580025 ], [ 4.498722749323567, 50.610193956852818 ], [ 4.48462930297803, 50.609518299654063 ] ] ] } },
{ "type": "Feature", "properties": { "CELLCODE": "1kmE3931N3072", "EOFORIGIN": 3931000.0, "NOFORIGIN": 3072000.0 }, "geometry": { "type": "Polygon", "coordinates": [ [ [ 4.482518937210945, 50.627439338232321 ], [ 4.481463001996037, 50.636399806003098 ], [ 4.495564461282577, 50.637075908168846 ], [ 4.496617724263738, 50.628115292003194 ], [ 4.482518937210945, 50.627439338232321 ] ] ] } },
{ "type": "Feature", "properties": { "CELLCODE": "1kmE3931N3079", "EOFORIGIN": 3931000.0, "NOFORIGIN": 3079000.0 }, "geometry": { "type": "Polygon", "coordinates": [ [ [ 4.475116836457064, 50.690161894292885 ], [ 4.474057379950034, 50.699122123051374 ], [ 4.488177580046838, 50.699799266016441 ], [ 4.489234355520707, 50.690838888353916 ], [ 4.475116836457064, 50.690161894292885 ] ] ] } },
{ "type": "Feature", "properties": { "CELLCODE": "1kmE3931N3082", "EOFORIGIN": 3931000.0, "NOFORIGIN": 3082000.0 }, "geometry": { "type": "Polygon", "coordinates": [ [ [ 4.471936953334011, 50.717042478736957 ], [ 4.470875982534197, 50.726002605756698 ], [ 4.485004233296507, 50.726680195871772 ], [ 4.486062519279303, 50.717719919729014 ], [ 4.471936953334011, 50.717042478736957 ] ] ] } },
{ "type": "Feature", "properties": { "CELLCODE": "1kmE3931N3084", "EOFORIGIN": 3931000.0, "NOFORIGIN": 3084000.0 }, "geometry": { "type": "Polygon", "coordinates": [ [ [ 4.469814506278774, 50.734962698956132 ], [ 4.468752524221529, 50.743922758381551 ], [ 4.482886148407672, 50.744600646962006 ], [ 4.483945443121086, 50.735640438267332 ], [ 4.469814506278774, 50.734962698956132 ] ] ] } },
{ "type": "Feature", "properties": { "CELLCODE": "1kmE3931N3098", "EOFORIGIN": 3931000.0, "NOFORIGIN": 3098000.0 }, "geometry": { "type": "Polygon", "coordinates": [ [ [ 4.454900571400659, 50.860400478523808 ], [ 4.453831471585571, 50.86936006996882 ], [ 4.468002851765078, 50.870040056027491 ], [ 4.469069246453088, 50.861080314283882 ], [ 4.454900571400659, 50.860400478523808 ] ] ] } },
{ "type": "Feature", "properties": { "CELLCODE": "1kmE3931N3107", "EOFORIGIN": 3931000.0, "NOFORIGIN": 3107000.0 }, "geometry": { "type": "Polygon", "coordinates": [ [ [ 4.445260246295069, 50.941035614499668 ], [ 4.444186534499536, 50.949994909879159 ], [ 4.45838231837615, 50.950676251957198 ], [ 4.45945331352355, 50.94171680561211 ], [ 4.445260246295069, 50.941035614499668 ] ] ] } },
{ "type": "Feature", "properties": { "CELLCODE": "1kmE3931N3108", "EOFORIGIN": 3931000.0, "NOFORIGIN": 3108000.0 }, "geometry": { "type": "Polygon", "coordinates": [ [ [ 4.444186534499536, 50.949994909879159 ], [ 4.443112308496058, 50.95895417259301 ], [ 4.457310810305252, 50.959635665711026 ], [ 4.45838231837615, 50.950676251957198 ], [ 4.444186534499536, 50.949994909879159 ] ] ] } },
{ "type": "Feature", "properties": { "CELLCODE": "1kmE3931N3114", "EOFORIGIN": 3931000.0, "NOFORIGIN": 3114000.0 }, "geometry": { "type": "Polygon", "coordinates": [ [ [ 4.43773345294596, 51.00374999778964 ], [ 4.436656134242067, 51.012709065476734 ], [ 4.450870970668841, 51.013391466399248 ], [ 4.451945563715198, 51.004432247224869 ], [ 4.43773345294596, 51.00374999778964 ] ] ] } },
{ "type": "Feature", "properties": { "CELLCODE": "1kmE3931N3117", "EOFORIGIN": 3931000.0, "NOFORIGIN": 3117000.0 }, "geometry": { "type": "Polygon", "coordinates": [ [ [ 4.434499946391772, 51.030627103866898 ], [ 4.433421076531719, 51.039586074661969 ], [ 4.447644097677867, 51.040268930494896 ], [ 4.448720238006129, 51.031309807988201 ], [ 4.434499946391772, 51.030627103866898 ] ] ] } },
{ "type": "Feature", "properties": { "CELLCODE": "1kmE3931N3118", "EOFORIGIN": 3931000.0, "NOFORIGIN": 3118000.0 }, "geometry": { "type": "Polygon", "coordinates": [ [ [ 4.433421076531719, 51.039586074661969 ], [ 4.432341688905402, 51.04854501325169 ], [ 4.446567440876517, 51.049228020871119 ], [ 4.447644097677867, 51.040268930494896 ], [ 4.433421076531719, 51.039586074661969 ] ] ] } },
{ "type": "Feature", "properties": { "CELLCODE": "1kmE3931N3119", "EOFORIGIN": 3931000.0, "NOFORIGIN": 3119000.0 }, "geometry": { "type": "Polygon", "coordinates": [ [ [ 4.432341688905402, 51.04854501325169 ], [ 4.431261783155162, 51.057503919682034 ], [ 4.445490267245289, 51.058187079162913 ], [ 4.446567440876517, 51.049228020871119 ], [ 4.432341688905402, 51.04854501325169 ] ] ] } },
{ "type": "Feature", "properties": { "CELLCODE": "1kmE3931N3120", "EOFORIGIN": 3931000.0, "NOFORIGIN": 3120000.0 }, "geometry": { "type": "Polygon", "coordinates": [ [ [ 4.431261783155162, 51.057503919682034 ], [ 4.430181358923003, 51.066462793998944 ], [ 4.444412576427068, 51.067146105416278 ], [ 4.445490267245289, 51.058187079162913 ], [ 4.431261783155162, 51.057503919682034 ] ] ] } },
{ "type": "Feature", "properties": { "CELLCODE": "1kmE3931N3121", "EOFORIGIN": 3931000.0, "NOFORIGIN": 3121000.0 }, "geometry": { "type": "Polygon", "coordinates": [ [ [ 4.430181358923003, 51.066462793998944 ], [ 4.429100415850599, 51.07542163624845 ], [ 4.443334368064405, 51.076105099677257 ], [ 4.444412576427068, 51.067146105416278 ], [ 4.430181358923003, 51.066462793998944 ] ] ] } },
{ "type": "Feature", "properties": { "CELLCODE": "1kmE3932N3068", "EOFORIGIN": 3932000.0, "NOFORIGIN": 3068000.0 }, "geometry": { "type": "Polygon", "coordinates": [ [ [ 4.500825775455471, 50.592272484300594 ], [ 4.499774512085009, 50.601233237775169 ], [ 4.513865661491764, 50.60190702206009 ], [ 4.514914257369668, 50.592946120853554 ], [ 4.500825775455471, 50.592272484300594 ] ] ] } },
{ "type": "Feature", "properties": { "CELLCODE": "1kmE3932N3072", "EOFORIGIN": 3932000.0, "NOFORIGIN": 3072000.0 }, "geometry": { "type": "Polygon", "coordinates": [ [ [ 4.496617724263738, 50.628115292003194 ], [ 4.495564461282577, 50.637075908168846 ], [ 4.509666293182148, 50.637750284104243 ], [ 4.510716883660042, 50.628789519917504 ], [ 4.496617724263738, 50.628115292003194 ] ] ] } },
{ "type": "Feature", "properties": { "CELLCODE": "1kmE3932N3073", "EOFORIGIN": 3932000.0, "NOFORIGIN": 3073000.0 }, "geometry": { "type": "Polygon", "coordinates": [ [ [ 4.495564461282577, 50.637075908168846 ], [ 4.494510697544866, 50.64603649012335 ], [ 4.508615203202489, 50.646711014152288 ], [ 4.509666293182148, 50.637750284104243 ], [ 4.495564461282577, 50.637075908168846 ] ] ] } },
{ "type": "Feature", "properties": { "CELLCODE": "1kmE3932N3078", "EOFORIGIN": 3932000.0, "NOFORIGIN": 3078000.0 }, "geometry": { "type": "Polygon", "coordinates": [ [ [ 4.490290628180194, 50.681878476758705 ], [ 4.489234355520707, 50.690838888353916 ], [ 4.503352248819769, 50.691514153938414 ], [ 4.504405841434663, 50.682553593886887 ], [ 4.490290628180194, 50.681878476758705 ] ] ] } },
{ "type": "Feature", "properties": { "CELLCODE": "1kmE3932N3081", "EOFORIGIN": 3932000.0, "NOFORIGIN": 3081000.0 }, "geometry": { "type": "Polygon", "coordinates": [ [ [ 4.487120301414503, 50.7087596097927 ], [ 4.486062519279303, 50.717719919729014 ], [ 4.500188460274582, 50.718395631119023 ], [ 4.501243558583124, 50.709435172508073 ], [ 4.487120301414503, 50.7087596097927 ] ] ] } },
{ "type": "Feature", "properties": { "CELLCODE": "1kmE3932N3083", "EOFORIGIN": 3932000.0, "NOFORIGIN": 3083000.0 }, "geometry": { "type": "Polygon", "coordinates": [ [ [ 4.485004233296507, 50.726680195871772 ], [ 4.483945443121086, 50.735640438267332 ], [ 4.498076755557688, 50.736316447225221 ], [ 4.499132859380834, 50.727356056009263 ], [ 4.485004233296507, 50.726680195871772 ] ] ] } },
{ "type": "Feature", "properties": { "CELLCODE": "1kmE3932N3091", "EOFORIGIN": 3932000.0, "NOFORIGIN": 3091000.0 }, "geometry": { "type": "Polygon", "coordinates": [ [ [ 4.476519765448823, 50.798361194005956 ], [ 4.475456929272455, 50.80732116809142 ], [ 4.48960977810578, 50.807998370243475 ], [ 4.490669917793357, 50.799038246752481 ], [ 4.476519765448823, 50.798361194005956 ] ] ] } },
{ "type": "Feature", "properties": { "CELLCODE": "1kmE3932N3098", "EOFORIGIN": 3932000.0, "NOFORIGIN": 3098000.0 }, "geometry": { "type": "Polygon", "coordinates": [ [ [ 4.469069246453088, 50.861080314283882 ], [ 4.468002851765078, 50.870040056027491 ], [ 4.482174611653374, 50.870718306075332 ], [ 4.483238300938226, 50.861758414411554 ], [ 4.469069246453088, 50.861080314283882 ] ] ] } },
{ "type": "Feature", "properties": { "CELLCODE": "1kmE3932N3109", "EOFORIGIN": 3932000.0, "NOFORIGIN": 3109000.0 }, "geometry": { "type": "Polygon", "coordinates": [ [ [ 4.457310810305252, 50.959635665711026 ], [ 4.456238788957381, 50.968595046919688 ], [ 4.47044039274712, 50.969274950966351 ], [ 4.471509694598178, 50.960315419023729 ], [ 4.457310810305252, 50.959635665711026 ] ] ] } },
{ "type": "Feature", "properties": { "CELLCODE": "1kmE3932N3116", "EOFORIGIN": 3932000.0, "NOFORIGIN": 3116000.0 }, "geometry": { "type": "Polygon", "coordinates": [ [ [ 4.449795862217748, 51.022350653305004 ], [ 4.448720238006129, 51.031309807988201 ], [ 4.462940914342807, 51.031990769255366 ], [ 4.464013810034189, 51.023031463317125 ], [ 4.449795862217748, 51.022350653305004 ] ] ] } },
{ "type": "Feature", "properties": { "CELLCODE": "1kmE3932N3117", "EOFORIGIN": 3932000.0, "NOFORIGIN": 3117000.0 }, "geometry": { "type": "Polygon", "coordinates": [ [ [ 4.448720238006129, 51.031309807988201 ], [ 4.447644097677867, 51.040268930494896 ], [ 4.46186750382734, 51.04095004309174 ], [ 4.462940914342807, 51.031990769255366 ], [ 4.448720238006129, 51.031309807988201 ] ] ] } },
{ "type": "Feature", "properties": { "CELLCODE": "1kmE3932N3118", "EOFORIGIN": 3932000.0, "NOFORIGIN": 3118000.0 }, "geometry": { "type": "Polygon", "coordinates": [ [ [ 4.447644097677867, 51.040268930494896 ], [ 4.446567440876517, 51.049228020871119 ], [ 4.460793578132211, 51.049909284872335 ], [ 4.46186750382734, 51.04095004309174 ], [ 4.447644097677867, 51.040268930494896 ] ] ] } },
{ "type": "Feature", "properties": { "CELLCODE": "1kmE3933N3069", "EOFORIGIN": 3933000.0, "NOFORIGIN": 3069000.0 }, "geometry": { "type": "Polygon", "coordinates": [ [ [ 4.513865661491764, 50.60190702206009 ], [ 4.512816567474298, 50.610867888941911 ], [ 4.526910756499746, 50.611540095848056 ], [ 4.527957181505114, 50.602579081535318 ], [ 4.513865661491764, 50.60190702206009 ] ] ] } },
{ "type": "Feature", "properties": { "CELLCODE": "1kmE3933N3070", "EOFORIGIN": 3933000.0, "NOFORIGIN": 3070000.0 }, "geometry": { "type": "Polygon", "coordinates": [ [ [ 4.512816567474298, 50.610867888941911 ], [ 4.511766974977189, 50.619828721545559 ], [ 4.52586383426724, 50.620501075954706 ], [ 4.526910756499746, 50.611540095848056 ], [ 4.512816567474298, 50.610867888941911 ] ] ] } },
{ "type": "Feature", "properties": { "CELLCODE": "1kmE3933N3073", "EOFORIGIN": 3933000.0, "NOFORIGIN": 3073000.0 }, "geometry": { "type": "Polygon", "coordinates": [ [ [ 4.509666293182148, 50.637750284104243 ], [ 4.508615203202489, 50.646711014152288 ], [ 4.522720080809786, 50.647383811503452 ], [ 4.523768496762284, 50.63842293373586 ], [ 4.509666293182148, 50.637750284104243 ] ] ] } },
{ "type": "Feature", "properties": { "CELLCODE": "1kmE3933N3074", "EOFORIGIN": 3933000.0, "NOFORIGIN": 3074000.0 }, "geometry": { "type": "Polygon", "coordinates": [ [ [ 4.508615203202489, 50.646711014152288 ], [ 4.507563613379723, 50.655671710108102 ], [ 4.521671166270052, 50.656344655251111 ], [ 4.522720080809786, 50.647383811503452 ], [ 4.508615203202489, 50.646711014152288 ] ] ] } },
{ "type": "Feature", "properties": { "CELLCODE": "1kmE3933N3087", "EOFORIGIN": 3933000.0, "NOFORIGIN": 3087000.0 }, "geometry": { "type": "Polygon", "coordinates": [ [ [ 4.49490542306516, 50.763197419291181 ], [ 4.49384730407612, 50.772157676273793 ], [ 4.507989750314582, 50.772832549311161 ], [ 4.509045177617299, 50.763872143592494 ], [ 4.49490542306516, 50.763197419291181 ] ] ] } },
{ "type": "Feature", "properties": { "CELLCODE": "1kmE3933N3104", "EOFORIGIN": 3933000.0, "NOFORIGIN": 3104000.0 }, "geometry": { "type": "Polygon", "coordinates": [ [ [ 4.476848531029669, 50.91551727132326 ], [ 4.475781785612839, 50.92447696608231 ], [ 4.489970185182226, 50.925154378840539 ], [ 4.491034217244497, 50.916194534097805 ], [ 4.476848531029669, 50.91551727132326 ] ] ] } },
{ "type": "Feature", "properties": { "CELLCODE": "1kmE3933N3110", "EOFORIGIN": 3933000.0, "NOFORIGIN": 3110000.0 }, "geometry": { "type": "Polygon", "coordinates": [ [ [ 4.47044039274712, 50.969274950966351 ], [ 4.469370578551732, 50.978234450484187 ], [ 4.483575285208413, 50.978912764697029 ], [ 4.484642378342057, 50.969953114751654 ], [ 4.47044039274712, 50.969274950966351 ] ] ] } },
{ "type": "Feature", "properties": { "CELLCODE": "1kmE3933N3111", "EOFORIGIN": 3933000.0, "NOFORIGIN": 3111000.0 }, "geometry": { "type": "Polygon", "coordinates": [ [ [ 4.469370578551732, 50.978234450484187 ], [ 4.468300251658754, 50.987193917623422 ], [ 4.48250768066475, 50.987872382337947 ], [ 4.483575285208413, 50.978912764697029 ], [ 4.469370578551732, 50.978234450484187 ] ] ] } },
{ "type": "Feature", "properties": { "CELLCODE": "1kmE3933N3112", "EOFORIGIN": 3933000.0, "NOFORIGIN": 3112000.0 }, "geometry": { "type": "Polygon", "coordinates": [ [ [ 4.468300251658754, 50.987193917623422 ], [ 4.467229411714596, 50.996153352430191 ], [ 4.481439564358357, 50.996831967720603 ], [ 4.48250768066475, 50.987872382337947 ], [ 4.468300251658754, 50.987193917623422 ] ] ] } },
{ "type": "Feature", "properties": { "CELLCODE": "1kmE3933N3117", "EOFORIGIN": 3933000.0, "NOFORIGIN": 3117000.0 }, "geometry": { "type": "Polygon", "coordinates": [ [ [ 4.462940914342807, 51.031990769255366 ], [ 4.46186750382734, 51.04095004309174 ], [ 4.476091294017174, 51.041629412376494 ], [ 4.477161974439544, 51.032669987592421 ], [ 4.462940914342807, 51.031990769255366 ] ] ] } },
{ "type": "Feature", "properties": { "CELLCODE": "1kmE3934N3063", "EOFORIGIN": 3934000.0, "NOFORIGIN": 3063000.0 }, "geometry": { "type": "Polygon", "coordinates": [ [ [ 4.534225308742994, 50.548812274722358 ], [ 4.53318185998735, 50.557773495249911 ], [ 4.547260422041408, 50.558443095631155 ], [ 4.5483012090164, 50.549481728476387 ], [ 4.534225308742994, 50.548812274722358 ] ] ] } },
{ "type": "Feature", "properties": { "CELLCODE": "1kmE3934N3064", "EOFORIGIN": 3934000.0, "NOFORIGIN": 3064000.0 }, "geometry": { "type": "Polygon", "coordinates": [ [ [ 4.53318185998735, 50.557773495249911 ], [ 4.532137916035321, 50.566734681291834 ], [ 4.546219141117756, 50.567404428371901 ], [ 4.547260422041408, 50.558443095631155 ], [ 4.53318185998735, 50.557773495249911 ] ] ] } },
{ "type": "Feature", "properties": { "CELLCODE": "1kmE3934N3066", "EOFORIGIN": 3934000.0, "NOFORIGIN": 3066000.0 }, "geometry": { "type": "Polygon", "coordinates": [ [ [ 4.531093476549231, 50.575695832894738 ], [ 4.530048541191086, 50.584656950105227 ], [ 4.544135096076796, 50.585326990797981 ], [ 4.545177365908604, 50.576365726745315 ], [ 4.531093476549231, 50.575695832894738 ] ] ] } },
{ "type": "Feature", "properties": { "CELLCODE": "1kmE3934N3068", "EOFORIGIN": 3934000.0, "NOFORIGIN": 3068000.0 }, "geometry": { "type": "Polygon", "coordinates": [ [ [ 4.529003109622584, 50.5936180329699 ], [ 4.527957181505114, 50.602579081535318 ], [ 4.542049071195044, 50.603249416127788 ], [ 4.543092331284869, 50.594288220576601 ], [ 4.529003109622584, 50.5936180329699 ] ] ] } },
{ "type": "Feature", "properties": { "CELLCODE": "1kmE3934N3069", "EOFORIGIN": 3934000.0, "NOFORIGIN": 3069000.0 }, "geometry": { "type": "Polygon", "coordinates": [ [ [ 4.527957181505114, 50.602579081535318 ], [ 4.526910756499746, 50.611540095848056 ], [ 4.541005315469235, 50.612210577498139 ], [ 4.542049071195044, 50.603249416127788 ], [ 4.527957181505114, 50.602579081535318 ] ] ] } },
{ "type": "Feature", "properties": { "CELLCODE": "1kmE3934N3072", "EOFORIGIN": 3934000.0, "NOFORIGIN": 3072000.0 }, "geometry": { "type": "Polygon", "coordinates": [ [ [ 4.524816414468042, 50.629462021901794 ], [ 4.523768496762284, 50.63842293373586 ], [ 4.537871071090319, 50.639093856990399 ], [ 4.538916315755744, 50.630132797882858 ], [ 4.524816414468042, 50.629462021901794 ] ] ] } },
{ "type": "Feature", "properties": { "CELLCODE": "1kmE3934N3073", "EOFORIGIN": 3934000.0, "NOFORIGIN": 3073000.0 }, "geometry": { "type": "Polygon", "coordinates": [ [ [ 4.523768496762284, 50.63842293373586 ], [ 4.522720080809786, 50.647383811503452 ], [ 4.536825329433429, 50.648054882103516 ], [ 4.537871071090319, 50.639093856990399 ], [ 4.523768496762284, 50.63842293373586 ] ] ] } },
{ "type": "Feature", "properties": { "CELLCODE": "1kmE3934N3074", "EOFORIGIN": 3934000.0, "NOFORIGIN": 3074000.0 }, "geometry": { "type": "Polygon", "coordinates": [ [ [ 4.522720080809786, 50.647383811503452 ], [ 4.521671166270052, 50.656344655251111 ], [ 4.53577909044542, 50.657015873268818 ], [ 4.536825329433429, 50.648054882103516 ], [ 4.522720080809786, 50.647383811503452 ] ] ] } },
{ "type": "Feature", "properties": { "CELLCODE": "1kmE3934N3082", "EOFORIGIN": 3934000.0, "NOFORIGIN": 3082000.0 }, "geometry": { "type": "Polygon", "coordinates": [ [ [ 4.514314775381382, 50.71906961283301 ], [ 4.513261859848035, 50.728030186095161 ], [ 4.527391233758774, 50.728702586055618 ], [ 4.52844146366104, 50.719741864797221 ], [ 4.514314775381382, 50.71906961283301 ] ] ] } },
{ "type": "Feature", "properties": { "CELLCODE": "1kmE3934N3087", "EOFORIGIN": 3934000.0, "NOFORIGIN": 3087000.0 }, "geometry": { "type": "Polygon", "coordinates": [ [ [ 4.509045177617299, 50.763872143592494 ], [ 4.507989750314582, 50.772832549311161 ], [ 4.522132571353771, 50.773505690342141 ], [ 4.523185306698219, 50.764545136263969 ], [ 4.509045177617299, 50.763872143592494 ] ] ] } },
{ "type": "Feature", "properties": { "CELLCODE": "1kmE3934N3093", "EOFORIGIN": 3934000.0, "NOFORIGIN": 3093000.0 }, "geometry": { "type": "Polygon", "coordinates": [ [ [ 4.502705056079973, 50.81763407829083 ], [ 4.501646603267553, 50.826594284488692 ], [ 4.515805602714084, 50.827268317207356 ], [ 4.51686135594746, 50.818307962212401 ], [ 4.502705056079973, 50.81763407829083 ] ] ] } },
{ "type": "Feature", "properties": { "CELLCODE": "1kmE3934N3110", "EOFORIGIN": 3934000.0, "NOFORIGIN": 3110000.0 }, "geometry": { "type": "Polygon", "coordinates": [ [ [ 4.484642378342057, 50.969953114751654 ], [ 4.483575285208413, 50.978912764697029 ], [ 4.497780372990441, 50.97958933819244 ], [ 4.498844744784544, 50.970629538200306 ], [ 4.484642378342057, 50.969953114751654 ] ] ] } },
{ "type": "Feature", "properties": { "CELLCODE": "1kmE3934N3111", "EOFORIGIN": 3934000.0, "NOFORIGIN": 3111000.0 }, "geometry": { "type": "Polygon", "coordinates": [ [ [ 4.483575285208413, 50.978912764697029 ], [ 4.48250768066475, 50.987872382337947 ], [ 4.496715491074154, 50.9885491059541 ], [ 4.497780372990441, 50.97958933819244 ], [ 4.483575285208413, 50.978912764697029 ] ] ] } },
{ "type": "Feature", "properties": { "CELLCODE": "1kmE3934N3119", "EOFORIGIN": 3934000.0, "NOFORIGIN": 3119000.0 }, "geometry": { "type": "Polygon", "coordinates": [ [ [ 4.475020099708836, 51.050588805179309 ], [ 4.473948391159503, 51.059548166047016 ], [ 4.488178029054703, 51.060226093298184 ], [ 4.489247004642537, 51.051266581716128 ], [ 4.475020099708836, 51.050588805179309 ] ] ] } },
{ "type": "Feature", "properties": { "CELLCODE": "1kmE3935N3064", "EOFORIGIN": 3935000.0, "NOFORIGIN": 3064000.0 }, "geometry": { "type": "Polygon", "coordinates": [ [ [ 4.547260422041408, 50.558443095631155 ], [ 4.546219141117756, 50.567404428371901 ], [ 4.560300733881831, 50.568072451988002 ], [ 4.561339351511533, 50.559110972920891 ], [ 4.547260422041408, 50.558443095631155 ] ] ] } },
{ "type": "Feature", "properties": { "CELLCODE": "1kmE3935N3065", "EOFORIGIN": 3935000.0, "NOFORIGIN": 3065000.0 }, "geometry": { "type": "Polygon", "coordinates": [ [ [ 4.546219141117756, 50.567404428371901 ], [ 4.545177365908604, 50.576365726745315 ], [ 4.559261623215434, 50.577033896759247 ], [ 4.560300733881831, 50.568072451988002 ], [ 4.546219141117756, 50.567404428371901 ] ] ] } },
{ "type": "Feature", "properties": { "CELLCODE": "1kmE3935N3070", "EOFORIGIN": 3935000.0, "NOFORIGIN": 3070000.0 }, "geometry": { "type": "Polygon", "coordinates": [ [ [ 4.541005315469235, 50.612210577498139 ], [ 4.539961063769037, 50.621171704734301 ], [ 4.554058662551052, 50.621840607811357 ], [ 4.555100243451896, 50.612879333819208 ], [ 4.541005315469235, 50.612210577498139 ] ] ] } },
{ "type": "Feature", "properties": { "CELLCODE": "1kmE3935N3072", "EOFORIGIN": 3935000.0, "NOFORIGIN": 3072000.0 }, "geometry": { "type": "Polygon", "coordinates": [ [ [ 4.538916315755744, 50.630132797882858 ], [ 4.537871071090319, 50.639093856990399 ], [ 4.551974015233392, 50.639763053794788 ], [ 4.553016586590947, 50.630801847787652 ], [ 4.538916315755744, 50.630132797882858 ] ] ] } },
{ "type": "Feature", "properties": { "CELLCODE": "1kmE3935N3077", "EOFORIGIN": 3935000.0, "NOFORIGIN": 3077000.0 }, "geometry": { "type": "Polygon", "coordinates": [ [ [ 4.533685119115855, 50.674937753942167 ], [ 4.532637386093422, 50.68389864354333 ], [ 4.54675371562553, 50.684568575924686 ], [ 4.547798769054052, 50.675607539064082 ], [ 4.533685119115855, 50.674937753942167 ] ] ] } },
{ "type": "Feature", "properties": { "CELLCODE": "1kmE3935N3080", "EOFORIGIN": 3935000.0, "NOFORIGIN": 3080000.0 }, "geometry": { "type": "Polygon", "coordinates": [ [ [ 4.530540423628689, 50.70182032150737 ], [ 4.52949119350362, 50.710781109963321 ], [ 4.543615569379305, 50.711451484555916 ], [ 4.544662116128694, 50.70249054862402 ], [ 4.530540423628689, 50.70182032150737 ] ] ] } },
{ "type": "Feature", "properties": { "CELLCODE": "1kmE3935N3093", "EOFORIGIN": 3935000.0, "NOFORIGIN": 3093000.0 }, "geometry": { "type": "Polygon", "coordinates": [ [ [ 4.51686135594746, 50.818307962212401 ], [ 4.515805602714084, 50.827268317207356 ], [ 4.529964977651328, 50.827940615582229 ], [ 4.531018031032878, 50.818980112167885 ], [ 4.51686135594746, 50.818307962212401 ] ] ] } },
{ "type": "Feature", "properties": { "CELLCODE": "1kmE3935N3111", "EOFORIGIN": 3935000.0, "NOFORIGIN": 3111000.0 }, "geometry": { "type": "Polygon", "coordinates": [ [ [ 4.497780372990441, 50.97958933819244 ], [ 4.496715491074154, 50.9885491059541 ], [ 4.510923681927741, 50.989224088396575 ], [ 4.51198584093928, 50.980264170895182 ], [ 4.497780372990441, 50.97958933819244 ] ] ] } },
{ "type": "Feature", "properties": { "CELLCODE": "1kmE3935N3112", "EOFORIGIN": 3935000.0, "NOFORIGIN": 3112000.0 }, "geometry": { "type": "Polygon", "coordinates": [ [ [ 4.496715491074154, 50.9885491059541 ], [ 4.495650098683838, 50.99750884153152 ], [ 4.509861013731135, 50.99818397378759 ], [ 4.510923681927741, 50.989224088396575 ], [ 4.496715491074154, 50.9885491059541 ] ] ] } },
{ "type": "Feature", "properties": { "CELLCODE": "1kmE3935N3115", "EOFORIGIN": 3935000.0, "NOFORIGIN": 3115000.0 }, "geometry": { "type": "Polygon", "coordinates": [ [ [ 4.493517781072094, 51.015428216318632 ], [ 4.492450855145329, 51.02438785562078 ], [ 4.506669950516263, 51.025063437761112 ], [ 4.507734148377188, 51.016103648423574 ], [ 4.493517781072094, 51.015428216318632 ] ] ] } },
{ "type": "Feature", "properties": { "CELLCODE": "1kmE3935N3116", "EOFORIGIN": 3935000.0, "NOFORIGIN": 3116000.0 }, "geometry": { "type": "Polygon", "coordinates": [ [ [ 4.492450855145329, 51.02438785562078 ], [ 4.491383417333864, 51.033347462923608 ], [ 4.505605242063096, 51.034023195173397 ], [ 4.506669950516263, 51.025063437761112 ], [ 4.492450855145329, 51.02438785562078 ] ] ] } },
{ "type": "Feature", "properties": { "CELLCODE": "1kmE3935N3119", "EOFORIGIN": 3935000.0, "NOFORIGIN": 3119000.0 }, "geometry": { "type": "Polygon", "coordinates": [ [ [ 4.489247004642537, 51.051266581716128 ], [ 4.488178029054703, 51.060226093298184 ], [ 4.502408049622366, 51.060902276321052 ], [ 4.503474291969257, 51.051942614407132 ], [ 4.489247004642537, 51.051266581716128 ] ] ] } },
{ "type": "Feature", "properties": { "CELLCODE": "1kmE3936N3071", "EOFORIGIN": 3936000.0, "NOFORIGIN": 3071000.0 }, "geometry": { "type": "Polygon", "coordinates": [ [ [ 4.554058662551052, 50.621840607811357 ], [ 4.553016586590947, 50.630801847787652 ], [ 4.567117226041268, 50.631469171543344 ], [ 4.568156629681556, 50.622507785113065 ], [ 4.554058662551052, 50.621840607811357 ] ] ] } },
{ "type": "Feature", "properties": { "CELLCODE": "1kmE3936N3072", "EOFORIGIN": 3936000.0, "NOFORIGIN": 3072000.0 }, "geometry": { "type": "Polygon", "coordinates": [ [ [ 4.553016586590947, 50.630801847787652 ], [ 4.551974015233392, 50.639763053794788 ], [ 4.566077328258455, 50.640430524076081 ], [ 4.567117226041268, 50.631469171543344 ], [ 4.553016586590947, 50.630801847787652 ] ] ] } },
{ "type": "Feature", "properties": { "CELLCODE": "1kmE3936N3074", "EOFORIGIN": 3936000.0, "NOFORIGIN": 3074000.0 }, "geometry": { "type": "Polygon", "coordinates": [ [ [ 4.550930948139894, 50.648724225879356 ], [ 4.549887384971639, 50.657685364088032 ], [ 4.56399604891433, 50.658353127635706 ], [ 4.565036935995466, 50.649391842757993 ], [ 4.550930948139894, 50.648724225879356 ] ] ] } },
{ "type": "Feature", "properties": { "CELLCODE": "1kmE3936N3077", "EOFORIGIN": 3936000.0, "NOFORIGIN": 3077000.0 }, "geometry": { "type": "Polygon", "coordinates": [ [ [ 4.547798769054052, 50.675607539064082 ], [ 4.54675371562553, 50.684568575924686 ], [ 4.56087041537768, 50.68523677991049 ], [ 4.561912788944185, 50.676275596165318 ], [ 4.547798769054052, 50.675607539064082 ] ] ] } },
{ "type": "Feature", "properties": { "CELLCODE": "1kmE3936N3078", "EOFORIGIN": 3936000.0, "NOFORIGIN": 3078000.0 }, "geometry": { "type": "Polygon", "coordinates": [ [ [ 4.54675371562553, 50.684568575924686 ], [ 4.545708164763869, 50.693529579095802 ], [ 4.559827545638028, 50.694197930038136 ], [ 4.56087041537768, 50.68523677991049 ], [ 4.54675371562553, 50.684568575924686 ] ] ] } },
{ "type": "Feature", "properties": { "CELLCODE": "1kmE3936N3080", "EOFORIGIN": 3936000.0, "NOFORIGIN": 3080000.0 }, "geometry": { "type": "Polygon", "coordinates": [ [ [ 4.544662116128694, 50.70249054862402 ], [ 4.543615569379305, 50.711451484555916 ], [ 4.557740316280834, 50.712120129627323 ], [ 4.558784179385697, 50.70315904659487 ], [ 4.544662116128694, 50.70249054862402 ] ] ] } },
{ "type": "Feature", "properties": { "CELLCODE": "1kmE3936N3082", "EOFORIGIN": 3936000.0, "NOFORIGIN": 3082000.0 }, "geometry": { "type": "Polygon", "coordinates": [ [ [ 4.542568524174691, 50.720412386938044 ], [ 4.541520980173526, 50.729373255817002 ], [ 4.555651098152562, 50.730042195305849 ], [ 4.556695955983282, 50.721081179182114 ], [ 4.542568524174691, 50.720412386938044 ] ] ] } },
{ "type": "Feature", "properties": { "CELLCODE": "1kmE3936N3083", "EOFORIGIN": 3936000.0, "NOFORIGIN": 3083000.0 }, "geometry": { "type": "Polygon", "coordinates": [ [ [ 4.541520980173526, 50.729373255817002 ], [ 4.540472937034163, 50.738334091239302 ], [ 4.554605742447875, 50.739003178045124 ], [ 4.555651098152562, 50.730042195305849 ], [ 4.541520980173526, 50.729373255817002 ] ] ] } },
{ "type": "Feature", "properties": { "CELLCODE": "1kmE3936N3093", "EOFORIGIN": 3936000.0, "NOFORIGIN": 3093000.0 }, "geometry": { "type": "Polygon", "coordinates": [ [ [ 4.531018031032878, 50.818980112167885 ], [ 4.529964977651328, 50.827940615582229 ], [ 4.544124727132142, 50.828611179539237 ], [ 4.545175080389773, 50.819650528083265 ], [ 4.531018031032878, 50.818980112167885 ] ] ] } },
{ "type": "Feature", "properties": { "CELLCODE": "1kmE3936N3094", "EOFORIGIN": 3936000.0, "NOFORIGIN": 3094000.0 }, "geometry": { "type": "Polygon", "coordinates": [ [ [ 4.529964977651328, 50.827940615582229 ], [ 4.528911421352523, 50.836901086051419 ], [ 4.543073872230891, 50.837571798122795 ], [ 4.544124727132142, 50.828611179539237 ], [ 4.529964977651328, 50.827940615582229 ] ] ] } },
{ "type": "Feature", "properties": { "CELLCODE": "1kmE3936N3111", "EOFORIGIN": 3936000.0, "NOFORIGIN": 3111000.0 }, "geometry": { "type": "Polygon", "coordinates": [ [ [ 4.51198584093928, 50.980264170895182 ], [ 4.510923681927741, 50.989224088396575 ], [ 4.525132252266082, 50.989897329590313 ], [ 4.526191688096196, 50.980937262730244 ], [ 4.51198584093928, 50.980264170895182 ] ] ] } },
{ "type": "Feature", "properties": { "CELLCODE": "1kmE3936N3112", "EOFORIGIN": 3936000.0, "NOFORIGIN": 3112000.0 }, "geometry": { "type": "Polygon", "coordinates": [ [ [ 4.510923681927741, 50.989224088396575 ], [ 4.509861013731135, 50.99818397378759 ], [ 4.524072308540126, 50.998857364413659 ], [ 4.525132252266082, 50.989897329590313 ], [ 4.510923681927741, 50.989224088396575 ] ] ] } },
{ "type": "Feature", "properties": { "CELLCODE": "1kmE3936N3114", "EOFORIGIN": 3936000.0, "NOFORIGIN": 3114000.0 }, "geometry": { "type": "Polygon", "coordinates": [ [ [ 4.50879783599816, 51.00714382711449 ], [ 4.507734148377188, 51.016103648423574 ], [ 4.52195089599863, 51.016777338135483 ], [ 4.523011856567892, 51.007817367246595 ], [ 4.50879783599816, 51.00714382711449 ] ] ] } },
{ "type": "Feature", "properties": { "CELLCODE": "1kmE3936N3115", "EOFORIGIN": 3936000.0, "NOFORIGIN": 3115000.0 }, "geometry": { "type": "Polygon", "coordinates": [ [ [ 4.507734148377188, 51.016103648423574 ], [ 4.506669950516263, 51.025063437761112 ], [ 4.520889426481258, 51.025737277126638 ], [ 4.52195089599863, 51.016777338135483 ], [ 4.507734148377188, 51.016103648423574 ] ] ] } },
{ "type": "Feature", "properties": { "CELLCODE": "1kmE3936N3116", "EOFORIGIN": 3936000.0, "NOFORIGIN": 3116000.0 }, "geometry": { "type": "Polygon", "coordinates": [ [ [ 4.506669950516263, 51.025063437761112 ], [ 4.505605242063096, 51.034023195173397 ], [ 4.519827447664365, 51.034697184266371 ], [ 4.520889426481258, 51.025737277126638 ], [ 4.506669950516263, 51.025063437761112 ] ] ] } },
{ "type": "Feature", "properties": { "CELLCODE": "1kmE3937N3072", "EOFORIGIN": 3937000.0, "NOFORIGIN": 3072000.0 }, "geometry": { "type": "Polygon", "coordinates": [ [ [ 4.567117226041268, 50.631469171543344 ], [ 4.566077328258455, 50.640430524076081 ], [ 4.580181009232263, 50.641096267761604 ], [ 4.581218233174127, 50.632134769077247 ], [ 4.567117226041268, 50.631469171543344 ] ] ] } },
{ "type": "Feature", "properties": { "CELLCODE": "1kmE3937N3073", "EOFORIGIN": 3937000.0, "NOFORIGIN": 3073000.0 }, "geometry": { "type": "Polygon", "coordinates": [ [ [ 4.566077328258455, 50.640430524076081 ], [ 4.565036935995466, 50.649391842757993 ], [ 4.579143292066234, 50.650057732666617 ], [ 4.580181009232263, 50.641096267761604 ], [ 4.566077328258455, 50.640430524076081 ] ] ] } },
{ "type": "Feature", "properties": { "CELLCODE": "1kmE3937N3077", "EOFORIGIN": 3937000.0, "NOFORIGIN": 3077000.0 }, "geometry": { "type": "Polygon", "coordinates": [ [ [ 4.561912788944185, 50.676275596165318 ], [ 4.56087041537768, 50.68523677991049 ], [ 4.574987484413298, 50.685903255427746 ], [ 4.576027177850351, 50.676941925172891 ], [ 4.561912788944185, 50.676275596165318 ] ] ] } },
{ "type": "Feature", "properties": { "CELLCODE": "1kmE3937N3078", "EOFORIGIN": 3937000.0, "NOFORIGIN": 3078000.0 }, "geometry": { "type": "Polygon", "coordinates": [ [ [ 4.56087041537768, 50.68523677991049 ], [ 4.559827545638028, 50.694197930038136 ], [ 4.573947296063336, 50.694864552136814 ], [ 4.574987484413298, 50.685903255427746 ], [ 4.56087041537768, 50.68523677991049 ] ] ] } },
{ "type": "Feature", "properties": { "CELLCODE": "1kmE3937N3084", "EOFORIGIN": 3937000.0, "NOFORIGIN": 3084000.0 }, "geometry": { "type": "Polygon", "coordinates": [ [ [ 4.554605742447875, 50.739003178045124 ], [ 4.553559888528119, 50.747964127446529 ], [ 4.567695753804046, 50.748631630543571 ], [ 4.568738918754874, 50.739670534129111 ], [ 4.554605742447875, 50.739003178045124 ] ] ] } },
{ "type": "Feature", "properties": { "CELLCODE": "1kmE3937N3088", "EOFORIGIN": 3937000.0, "NOFORIGIN": 3088000.0 }, "geometry": { "type": "Polygon", "coordinates": [ [ [ 4.550419334062563, 50.774846776089433 ], [ 4.549371483865089, 50.783807592605179 ], [ 4.563518117687111, 50.784475684475943 ], [ 4.564563273845801, 50.77551472065845 ], [ 4.550419334062563, 50.774846776089433 ] ] ] } },
{ "type": "Feature", "properties": { "CELLCODE": "1kmE3937N3113", "EOFORIGIN": 3937000.0, "NOFORIGIN": 3113000.0 }, "geometry": { "type": "Polygon", "coordinates": [ [ [ 4.524072308540126, 50.998857364413659 ], [ 4.523011856567892, 51.007817367246595 ], [ 4.537226256215507, 51.008489165292261 ], [ 4.538283982150491, 50.999529013334772 ], [ 4.524072308540126, 50.998857364413659 ] ] ] } },
{ "type": "Feature", "properties": { "CELLCODE": "1kmE3937N3114", "EOFORIGIN": 3937000.0, "NOFORIGIN": 3114000.0 }, "geometry": { "type": "Polygon", "coordinates": [ [ [ 4.523011856567892, 51.007817367246595 ], [ 4.52195089599863, 51.016777338135483 ], [ 4.536168022974722, 51.017449285379293 ], [ 4.537226256215507, 51.008489165292261 ], [ 4.523011856567892, 51.007817367246595 ] ] ] } },
{ "type": "Feature", "properties": { "CELLCODE": "1kmE3938N3065", "EOFORIGIN": 3938000.0, "NOFORIGIN": 3065000.0 }, "geometry": { "type": "Polygon", "coordinates": [ [ [ 4.58846501874369, 50.569403328538577 ], [ 4.587431237957613, 50.578365064987331 ], [ 4.601516593535562, 50.579028063056988 ], [ 4.602547708985391, 50.570066181328656 ], [ 4.58846501874369, 50.569403328538577 ] ] ] } },
{ "type": "Feature", "properties": { "CELLCODE": "1kmE3938N3072", "EOFORIGIN": 3938000.0, "NOFORIGIN": 3072000.0 }, "geometry": { "type": "Polygon", "coordinates": [ [ [ 4.581218233174127, 50.632134769077247 ], [ 4.580181009232263, 50.641096267761604 ], [ 4.594285057221384, 50.641760284778755 ], [ 4.595319607056758, 50.632798640316864 ], [ 4.581218233174127, 50.632134769077247 ] ] ] } },
{ "type": "Feature", "properties": { "CELLCODE": "1kmE3938N3075", "EOFORIGIN": 3938000.0, "NOFORIGIN": 3075000.0 }, "geometry": { "type": "Polygon", "coordinates": [ [ [ 4.578105081338918, 50.659019163839019 ], [ 4.577066376712873, 50.66798056132555 ], [ 4.591178454562382, 50.668645016103532 ], [ 4.592214481310631, 50.659683472625318 ], [ 4.578105081338918, 50.659019163839019 ] ] ] } },
{ "type": "Feature", "properties": { "CELLCODE": "1kmE3938N3076", "EOFORIGIN": 3938000.0, "NOFORIGIN": 3076000.0 }, "geometry": { "type": "Polygon", "coordinates": [ [ [ 4.577066376712873, 50.66798056132555 ], [ 4.576027177850351, 50.676941925172891 ], [ 4.590141934836449, 50.677606526014053 ], [ 4.591178454562382, 50.668645016103532 ], [ 4.577066376712873, 50.66798056132555 ] ] ] } },
{ "type": "Feature", "properties": { "CELLCODE": "1kmE3938N3077", "EOFORIGIN": 3938000.0, "NOFORIGIN": 3077000.0 }, "geometry": { "type": "Polygon", "coordinates": [ [ [ 4.576027177850351, 50.676941925172891 ], [ 4.574987484413298, 50.685903255427746 ], [ 4.589104921795618, 50.686568002403611 ], [ 4.590141934836449, 50.677606526014053 ], [ 4.576027177850351, 50.676941925172891 ] ] ] } },
{ "type": "Feature", "properties": { "CELLCODE": "1kmE3938N3079", "EOFORIGIN": 3938000.0, "NOFORIGIN": 3079000.0 }, "geometry": { "type": "Polygon", "coordinates": [ [ [ 4.573947296063336, 50.694864552136814 ], [ 4.572906612461778, 50.703825815346796 ], [ 4.587029414418844, 50.70449085480687 ], [ 4.588067415102365, 50.695529445318982 ], [ 4.573947296063336, 50.694864552136814 ] ] ] } },
{ "type": "Feature", "properties": { "CELLCODE": "1kmE3938N3080", "EOFORIGIN": 3938000.0, "NOFORIGIN": 3080000.0 }, "geometry": { "type": "Polygon", "coordinates": [ [ [ 4.572906612461778, 50.703825815346796 ], [ 4.571865433269625, 50.712787045104356 ], [ 4.585990919406907, 50.713452230914022 ], [ 4.587029414418844, 50.70449085480687 ], [ 4.572906612461778, 50.703825815346796 ] ] ] } },
{ "type": "Feature", "properties": { "CELLCODE": "1kmE3938N3085", "EOFORIGIN": 3938000.0, "NOFORIGIN": 3085000.0 }, "geometry": { "type": "Polygon", "coordinates": [ [ [ 4.567695753804046, 50.748631630543571 ], [ 4.566652091562904, 50.757592693738872 ], [ 4.580791017563698, 50.758258612373446 ], [ 4.581831989300978, 50.749297402469409 ], [ 4.567695753804046, 50.748631630543571 ] ] ] } },
{ "type": "Feature", "properties": { "CELLCODE": "1kmE3938N3089", "EOFORIGIN": 3938000.0, "NOFORIGIN": 3089000.0 }, "geometry": { "type": "Polygon", "coordinates": [ [ [ 4.563518117687111, 50.784475684475943 ], [ 4.562472462872649, 50.793436615260752 ], [ 4.576622163570286, 50.794103121450533 ], [ 4.577665122806619, 50.785142043668806 ], [ 4.563518117687111, 50.784475684475943 ] ] ] } },
{ "type": "Feature", "properties": { "CELLCODE": "1kmE3939N3066", "EOFORIGIN": 3939000.0, "NOFORIGIN": 3066000.0 }, "geometry": { "type": "Polygon", "coordinates": [ [ [ 4.601516593535562, 50.579028063056988 ], [ 4.600484988463111, 50.587989910749634 ], [ 4.614573375123751, 50.588651329671173 ], [ 4.615602313346166, 50.579689337000993 ], [ 4.601516593535562, 50.579028063056988 ] ] ] } },
{ "type": "Feature", "properties": { "CELLCODE": "1kmE3939N3068", "EOFORIGIN": 3939000.0, "NOFORIGIN": 3068000.0 }, "geometry": { "type": "Polygon", "coordinates": [ [ [ 4.599452893433924, 50.596951724453469 ], [ 4.598420308113583, 50.605913504215287 ], [ 4.612514032229499, 50.606575213304495 ], [ 4.613543948196056, 50.597613288423368 ], [ 4.599452893433924, 50.596951724453469 ] ] ] } },
{ "type": "Feature", "properties": { "CELLCODE": "1kmE3939N3069", "EOFORIGIN": 3939000.0, "NOFORIGIN": 3069000.0 }, "geometry": { "type": "Polygon", "coordinates": [ [ [ 4.598420308113583, 50.605913504215287 ], [ 4.597387232167351, 50.61487525008193 ], [ 4.611483626890184, 50.61553710436138 ], [ 4.612514032229499, 50.606575213304495 ], [ 4.598420308113583, 50.605913504215287 ] ] ] } },
{ "type": "Feature", "properties": { "CELLCODE": "1kmE3939N3070", "EOFORIGIN": 3939000.0, "NOFORIGIN": 3070000.0 }, "geometry": { "type": "Polygon", "coordinates": [ [ [ 4.597387232167351, 50.61487525008193 ], [ 4.596353665260192, 50.623836962100178 ], [ 4.610452731843919, 50.624498961640896 ], [ 4.611483626890184, 50.61553710436138 ], [ 4.597387232167351, 50.61487525008193 ] ] ] } },
{ "type": "Feature", "properties": { "CELLCODE": "1kmE3939N3072", "EOFORIGIN": 3939000.0, "NOFORIGIN": 3072000.0 }, "geometry": { "type": "Polygon", "coordinates": [ [ [ 4.595319607056758, 50.632798640316864 ], [ 4.594285057221384, 50.641760284778755 ], [ 4.608389471292187, 50.642422575055214 ], [ 4.609421346756193, 50.633460785189889 ], [ 4.595319607056758, 50.632798640316864 ] ] ] } },
{ "type": "Feature", "properties": { "CELLCODE": "1kmE3939N3073", "EOFORIGIN": 3939000.0, "NOFORIGIN": 3073000.0 }, "geometry": { "type": "Polygon", "coordinates": [ [ [ 4.594285057221384, 50.641760284778755 ], [ 4.593250015418102, 50.650721895532648 ], [ 4.607357105116776, 50.65138433128368 ], [ 4.608389471292187, 50.642422575055214 ], [ 4.594285057221384, 50.641760284778755 ] ] ] } },
{ "type": "Feature", "properties": { "CELLCODE": "1kmE3939N3075", "EOFORIGIN": 3939000.0, "NOFORIGIN": 3075000.0 }, "geometry": { "type": "Polygon", "coordinates": [ [ [ 4.592214481310631, 50.659683472625318 ], [ 4.591178454562382, 50.668645016103532 ], [ 4.605290899289679, 50.66930774301737 ], [ 4.606324247894523, 50.660346053922133 ], [ 4.592214481310631, 50.659683472625318 ] ] ] } },
{ "type": "Feature", "properties": { "CELLCODE": "1kmE3939N3076", "EOFORIGIN": 3939000.0, "NOFORIGIN": 3076000.0 }, "geometry": { "type": "Polygon", "coordinates": [ [ [ 4.591178454562382, 50.668645016103532 ], [ 4.590141934836449, 50.677606526014053 ], [ 4.60425705896619, 50.678269398616209 ], [ 4.605290899289679, 50.66930774301737 ], [ 4.591178454562382, 50.668645016103532 ] ] ] } },
{ "type": "Feature", "properties": { "CELLCODE": "1kmE3939N3079", "EOFORIGIN": 3939000.0, "NOFORIGIN": 3079000.0 }, "geometry": { "type": "Polygon", "coordinates": [ [ [ 4.588067415102365, 50.695529445318982 ], [ 4.587029414418844, 50.70449085480687 ], [ 4.601152584318592, 50.705154164902353 ], [ 4.60218790181748, 50.696192609511918 ], [ 4.588067415102365, 50.695529445318982 ] ] ] } },
{ "type": "Feature", "properties": { "CELLCODE": "1kmE3939N3082", "EOFORIGIN": 3939000.0, "NOFORIGIN": 3082000.0 }, "geometry": { "type": "Polygon", "coordinates": [ [ [ 4.584951929728089, 50.722413573687149 ], [ 4.583912445043608, 50.731374883172961 ], [ 4.598043672075197, 50.732038631405224 ], [ 4.599080469785222, 50.723077175802246 ], [ 4.584951929728089, 50.722413573687149 ] ] ] } },
{ "type": "Feature", "properties": { "CELLCODE": "1kmE3939N3085", "EOFORIGIN": 3939000.0, "NOFORIGIN": 3085000.0 }, "geometry": { "type": "Polygon", "coordinates": [ [ [ 4.581831989300978, 50.749297402469409 ], [ 4.580791017563698, 50.758258612373446 ], [ 4.594930313111917, 50.758922799387328 ], [ 4.595968594077259, 50.749961443151037 ], [ 4.581831989300978, 50.749297402469409 ] ] ] } },
{ "type": "Feature", "properties": { "CELLCODE": "1kmE3939N3086", "EOFORIGIN": 3939000.0, "NOFORIGIN": 3086000.0 }, "geometry": { "type": "Polygon", "coordinates": [ [ [ 4.580791017563698, 50.758258612373446 ], [ 4.5797495494625, 50.767219789176906 ], [ 4.59389153705019, 50.767884122594864 ], [ 4.594930313111917, 50.758922799387328 ], [ 4.580791017563698, 50.758258612373446 ] ] ] } },
{ "type": "Feature", "properties": { "CELLCODE": "1kmE3939N3089", "EOFORIGIN": 3939000.0, "NOFORIGIN": 3089000.0 }, "geometry": { "type": "Polygon", "coordinates": [ [ [ 4.577665122806619, 50.785142043668806 ], [ 4.576622163570286, 50.794103121450533 ], [ 4.590772234890129, 50.794767894511942 ], [ 4.591812498279267, 50.78580667011046 ], [ 4.577665122806619, 50.785142043668806 ] ] ] } },
{ "type": "Feature", "properties": { "CELLCODE": "1kmE3939N3103", "EOFORIGIN": 3939000.0, "NOFORIGIN": 3103000.0 }, "geometry": { "type": "Polygon", "coordinates": [ [ [ 4.563018275653672, 50.91059415440985 ], [ 4.561968317033221, 50.919554775636847 ], [ 4.576156264054909, 50.920221608956737 ], [ 4.577203508956544, 50.911260840097533 ], [ 4.563018275653672, 50.91059415440985 ] ] ] } },
{ "type": "Feature", "properties": { "CELLCODE": "1kmE3939N3108", "EOFORIGIN": 3939000.0, "NOFORIGIN": 3108000.0 }, "geometry": { "type": "Polygon", "coordinates": [ [ [ 4.557763453700285, 50.955396938391353 ], [ 4.556710978921394, 50.964357398774133 ], [ 4.570912513799866, 50.965024971346487 ], [ 4.57196226843614, 50.956064362967524 ], [ 4.557763453700285, 50.955396938391353 ] ] ] } },
{ "type": "Feature", "properties": { "CELLCODE": "1kmE3939N3113", "EOFORIGIN": 3939000.0, "NOFORIGIN": 3113000.0 }, "geometry": { "type": "Polygon", "coordinates": [ [ [ 4.552496033601716, 51.000198920476137 ], [ 4.551441033979802, 51.00915922117666 ], [ 4.565656188899365, 51.009827534825149 ], [ 4.566708461933082, 51.000867085763197 ], [ 4.552496033601716, 51.000198920476137 ] ] ] } },
{ "type": "Feature", "properties": { "CELLCODE": "1kmE3940N3064", "EOFORIGIN": 3940000.0, "NOFORIGIN": 3064000.0 }, "geometry": { "type": "Polygon", "coordinates": [ [ [ 4.617658725007946, 50.561765249719173 ], [ 4.616630763196576, 50.570727310365953 ], [ 4.630714180448723, 50.57138671557874 ], [ 4.631739477648178, 50.562424510468759 ], [ 4.617658725007946, 50.561765249719173 ] ] ] } },
{ "type": "Feature", "properties": { "CELLCODE": "1kmE3940N3071", "EOFORIGIN": 3940000.0, "NOFORIGIN": 3071000.0 }, "geometry": { "type": "Polygon", "coordinates": [ [ [ 4.610452731843919, 50.624498961640896 ], [ 4.609421346756193, 50.633460785189889 ], [ 4.623523451339284, 50.634121203624218 ], [ 4.624552163047333, 50.62515923511689 ], [ 4.610452731843919, 50.624498961640896 ] ] ] } },
{ "type": "Feature", "properties": { "CELLCODE": "1kmE3940N3082", "EOFORIGIN": 3940000.0, "NOFORIGIN": 3082000.0 }, "geometry": { "type": "Polygon", "coordinates": [ [ [ 4.599080469785222, 50.723077175802246 ], [ 4.598043672075197, 50.732038631405224 ], [ 4.61217526691023, 50.732700649072967 ], [ 4.613209377379135, 50.72373904772877 ], [ 4.599080469785222, 50.723077175802246 ] ] ] } },
{ "type": "Feature", "properties": { "CELLCODE": "1kmE3940N3086", "EOFORIGIN": 3940000.0, "NOFORIGIN": 3086000.0 }, "geometry": { "type": "Polygon", "coordinates": [ [ [ 4.594930313111917, 50.758922799387328 ], [ 4.59389153705019, 50.767884122594864 ], [ 4.608033893510438, 50.768546723942528 ], [ 4.609069977265046, 50.759585254707645 ], [ 4.594930313111917, 50.758922799387328 ] ] ] } },
{ "type": "Feature", "properties": { "CELLCODE": "1kmE3940N3089", "EOFORIGIN": 3940000.0, "NOFORIGIN": 3089000.0 }, "geometry": { "type": "Polygon", "coordinates": [ [ [ 4.591812498279267, 50.78580667011046 ], [ 4.590772234890129, 50.794767894511942 ], [ 4.604922675886966, 50.795430934371851 ], [ 4.605960243160513, 50.786469563727884 ], [ 4.591812498279267, 50.78580667011046 ] ] ] } },
{ "type": "Feature", "properties": { "CELLCODE": "1kmE3940N3090", "EOFORIGIN": 3940000.0, "NOFORIGIN": 3090000.0 }, "geometry": { "type": "Polygon", "coordinates": [ [ [ 4.590772234890129, 50.794767894511942 ], [ 4.589731475044719, 50.803729086071456 ], [ 4.603884613428348, 50.804392272245693 ], [ 4.604922675886966, 50.795430934371851 ], [ 4.590772234890129, 50.794767894511942 ] ] ] } },
{ "type": "Feature", "properties": { "CELLCODE": "1kmE3940N3103", "EOFORIGIN": 3940000.0, "NOFORIGIN": 3103000.0 }, "geometry": { "type": "Polygon", "coordinates": [ [ [ 4.577203508956544, 50.911260840097533 ], [ 4.576156264054909, 50.920221608956737 ], [ 4.590344584537323, 50.920886703774492 ], [ 4.59138911544825, 50.911925787662888 ], [ 4.577203508956544, 50.911260840097533 ] ] ] } },
{ "type": "Feature", "properties": { "CELLCODE": "1kmE3940N3112", "EOFORIGIN": 3940000.0, "NOFORIGIN": 3112000.0 }, "geometry": { "type": "Polygon", "coordinates": [ [ [ 4.567760230592346, 50.991906604930854 ], [ 4.566708461933082, 51.000867085763197 ], [ 4.580921266183671, 51.001533509121543 ], [ 4.581970309271417, 50.99257288038239 ], [ 4.567760230592346, 50.991906604930854 ] ] ] } },
{ "type": "Feature", "properties": { "CELLCODE": "1kmE3940N3113", "EOFORIGIN": 3940000.0, "NOFORIGIN": 3113000.0 }, "geometry": { "type": "Polygon", "coordinates": [ [ [ 4.566708461933082, 51.000867085763197 ], [ 4.565656188899365, 51.009827534825149 ], [ 4.579871720012587, 51.010494106163279 ], [ 4.580921266183671, 51.001533509121543 ], [ 4.566708461933082, 51.000867085763197 ] ] ] } },
{ "type": "Feature", "properties": { "CELLCODE": "1kmE3941N3063", "EOFORIGIN": 3941000.0, "NOFORIGIN": 3063000.0 }, "geometry": { "type": "Polygon", "coordinates": [ [ [ 4.632764288390437, 50.55346227137067 ], [ 4.631739477648178, 50.562424510468759 ], [ 4.645820592139063, 50.563082047695055 ], [ 4.646842739257217, 50.554119664576909 ], [ 4.632764288390437, 50.55346227137067 ] ] ] } },
{ "type": "Feature", "properties": { "CELLCODE": "1kmE3941N3065", "EOFORIGIN": 3941000.0, "NOFORIGIN": 3065000.0 }, "geometry": { "type": "Polygon", "coordinates": [ [ [ 4.630714180448723, 50.57138671557874 ], [ 4.62968839646025, 50.580348886747558 ], [ 4.643774841948451, 50.581006712225076 ], [ 4.644797959813137, 50.572044396895436 ], [ 4.630714180448723, 50.57138671557874 ] ] ] } },
{ "type": "Feature", "properties": { "CELLCODE": "1kmE3941N3066", "EOFORIGIN": 3941000.0, "NOFORIGIN": 3066000.0 }, "geometry": { "type": "Polygon", "coordinates": [ [ [ 4.62968839646025, 50.580348886747558 ], [ 4.628662125350627, 50.589311024022166 ], [ 4.642751238213717, 50.589968993730949 ], [ 4.643774841948451, 50.581006712225076 ], [ 4.62968839646025, 50.580348886747558 ] ] ] } },
{ "type": "Feature", "properties": { "CELLCODE": "1kmE3941N3067", "EOFORIGIN": 3941000.0, "NOFORIGIN": 3067000.0 }, "geometry": { "type": "Polygon", "coordinates": [ [ [ 4.628662125350627, 50.589311024022166 ], [ 4.627635366787424, 50.598273127449481 ], [ 4.641727148277337, 50.598931241460036 ], [ 4.642751238213717, 50.589968993730949 ], [ 4.628662125350627, 50.589311024022166 ] ] ] } },
{ "type": "Feature", "properties": { "CELLCODE": "1kmE3941N3068", "EOFORIGIN": 3941000.0, "NOFORIGIN": 3068000.0 }, "geometry": { "type": "Polygon", "coordinates": [ [ [ 4.627635366787424, 50.598273127449481 ], [ 4.62660812043789, 50.60723519707642 ], [ 4.640702571807406, 50.607893455459305 ], [ 4.641727148277337, 50.598931241460036 ], [ 4.627635366787424, 50.598273127449481 ] ] ] } },
{ "type": "Feature", "properties": { "CELLCODE": "1kmE3941N3070", "EOFORIGIN": 3941000.0, "NOFORIGIN": 3070000.0 }, "geometry": { "type": "Polygon", "coordinates": [ [ [ 4.625580385968978, 50.616197232949929 ], [ 4.624552163047333, 50.62515923511689 ], [ 4.638651957937752, 50.625817782456281 ], [ 4.639677508471716, 50.616855635775735 ], [ 4.625580385968978, 50.616197232949929 ] ] ] } },
{ "type": "Feature", "properties": { "CELLCODE": "1kmE3941N3087", "EOFORIGIN": 3941000.0, "NOFORIGIN": 3087000.0 }, "geometry": { "type": "Polygon", "coordinates": [ [ [ 4.608033893510438, 50.768546723942528 ], [ 4.606997315588579, 50.777508160267011 ], [ 4.621142733820976, 50.778169175193725 ], [ 4.622176617899858, 50.769207593147165 ], [ 4.608033893510438, 50.768546723942528 ] ] ] } },
{ "type": "Feature", "properties": { "CELLCODE": "1kmE3941N3091", "EOFORIGIN": 3941000.0, "NOFORIGIN": 3091000.0 }, "geometry": { "type": "Polygon", "coordinates": [ [ [ 4.603884613428348, 50.804392272245693 ], [ 4.602846055444759, 50.813353577396121 ], [ 4.617002261755, 50.81401517592694 ], [ 4.618038120811526, 50.805053724768008 ], [ 4.603884613428348, 50.804392272245693 ] ] ] } },
{ "type": "Feature", "properties": { "CELLCODE": "1kmE3941N3097", "EOFORIGIN": 3941000.0, "NOFORIGIN": 3097000.0 }, "geometry": { "type": "Polygon", "coordinates": [ [ [ 4.597645820733517, 50.858159613932145 ], [ 4.596604282444436, 50.867120723723055 ], [ 4.61077670908364, 50.867783199812912 ], [ 4.611815540793762, 50.85882194358242 ], [ 4.597645820733517, 50.858159613932145 ] ] ] } },
{ "type": "Feature", "properties": { "CELLCODE": "1kmE3941N3114", "EOFORIGIN": 3941000.0, "NOFORIGIN": 3114000.0 }, "geometry": { "type": "Polygon", "coordinates": [ [ [ 4.579871720012587, 51.010494106163279 ], [ 4.578821670410918, 51.019454671554115 ], [ 4.593040305184621, 51.020119648178486 ], [ 4.59408762635766, 51.011158935116754 ], [ 4.579871720012587, 51.010494106163279 ] ] ] } },
{ "type": "Feature", "properties": { "CELLCODE": "1kmE3942N3064", "EOFORIGIN": 3942000.0, "NOFORIGIN": 3064000.0 }, "geometry": { "type": "Polygon", "coordinates": [ [ [ 4.645820592139063, 50.563082047695055 ], [ 4.644797959813137, 50.572044396895436 ], [ 4.658882100360926, 50.572700354244681 ], [ 4.659902067552371, 50.563737861326722 ], [ 4.645820592139063, 50.563082047695055 ] ] ] } },
{ "type": "Feature", "properties": { "CELLCODE": "1kmE3942N3066", "EOFORIGIN": 3942000.0, "NOFORIGIN": 3066000.0 }, "geometry": { "type": "Polygon", "coordinates": [ [ [ 4.643774841948451, 50.581006712225076 ], [ 4.642751238213717, 50.589968993730949 ], [ 4.656840712782805, 50.590625238726048 ], [ 4.657861648881222, 50.581662813362122 ], [ 4.643774841948451, 50.581006712225076 ] ] ] } },
{ "type": "Feature", "properties": { "CELLCODE": "1kmE3942N3067", "EOFORIGIN": 3942000.0, "NOFORIGIN": 3067000.0 }, "geometry": { "type": "Polygon", "coordinates": [ [ [ 4.642751238213717, 50.589968993730949 ], [ 4.641727148277337, 50.598931241460036 ], [ 4.655819291734923, 50.599587630383517 ], [ 4.656840712782805, 50.590625238726048 ], [ 4.642751238213717, 50.589968993730949 ] ] ] } },
{ "type": "Feature", "properties": { "CELLCODE": "1kmE3942N3070", "EOFORIGIN": 3942000.0, "NOFORIGIN": 3070000.0 }, "geometry": { "type": "Polygon", "coordinates": [ [ [ 4.639677508471716, 50.616855635775735 ], [ 4.638651957937752, 50.625817782456281 ], [ 4.65275211558231, 50.626474603587361 ], [ 4.653774993466198, 50.617512312767161 ], [ 4.639677508471716, 50.616855635775735 ] ] ] } },
{ "type": "Feature", "properties": { "CELLCODE": "1kmE3942N3071", "EOFORIGIN": 3942000.0, "NOFORIGIN": 3071000.0 }, "geometry": { "type": "Polygon", "coordinates": [ [ [ 4.638651957937752, 50.625817782456281 ], [ 4.637625919872685, 50.634779895547872 ], [ 4.651728751422867, 50.635436860889101 ], [ 4.65275211558231, 50.626474603587361 ], [ 4.638651957937752, 50.625817782456281 ] ] ] } },
{ "type": "Feature", "properties": { "CELLCODE": "1kmE3942N3082", "EOFORIGIN": 3942000.0, "NOFORIGIN": 3082000.0 }, "geometry": { "type": "Polygon", "coordinates": [ [ [ 4.627338651569805, 50.724399189394241 ], [ 4.626307228608007, 50.73336093610358 ], [ 4.640439556227649, 50.734019492424757 ], [ 4.641468291417018, 50.725057600726338 ], [ 4.627338651569805, 50.724399189394241 ] ] ] } },
{ "type": "Feature", "properties": { "CELLCODE": "1kmE3942N3088", "EOFORIGIN": 3942000.0, "NOFORIGIN": 3088000.0 }, "geometry": { "type": "Polygon", "coordinates": [ [ [ 4.621142733820976, 50.778169175193725 ], [ 4.620108356505625, 50.78713072444819 ], [ 4.634256837369676, 50.78779015219871 ], [ 4.635288519305518, 50.778828457527815 ], [ 4.621142733820976, 50.778169175193725 ] ] ] } },
{ "type": "Feature", "properties": { "CELLCODE": "1kmE3942N3091", "EOFORIGIN": 3942000.0, "NOFORIGIN": 3091000.0 }, "geometry": { "type": "Polygon", "coordinates": [ [ [ 4.618038120811526, 50.805053724768008 ], [ 4.617002261755, 50.81401517592694 ], [ 4.631158836386049, 50.814675040355347 ], [ 4.632191996247974, 50.805713443565651 ], [ 4.618038120811526, 50.805053724768008 ] ] ] } },
{ "type": "Feature", "properties": { "CELLCODE": "1kmE3942N3092", "EOFORIGIN": 3942000.0, "NOFORIGIN": 3092000.0 }, "geometry": { "type": "Polygon", "coordinates": [ [ [ 4.617002261755, 50.81401517592694 ], [ 4.615965908106451, 50.82297659448092 ], [ 4.630125183205515, 50.823636604611643 ], [ 4.631158836386049, 50.814675040355347 ], [ 4.617002261755, 50.81401517592694 ] ] ] } },
{ "type": "Feature", "properties": { "CELLCODE": "1kmE3942N3107", "EOFORIGIN": 3942000.0, "NOFORIGIN": 3107000.0 }, "geometry": { "type": "Polygon", "coordinates": [ [ [ 4.601404834070072, 50.948433056889463 ], [ 4.600361020602738, 50.957393991976254 ], [ 4.614560956117929, 50.95805619626114 ], [ 4.615602049912475, 50.949095114392883 ], [ 4.601404834070072, 50.948433056889463 ] ] ] } },
{ "type": "Feature", "properties": { "CELLCODE": "1kmE3943N3070", "EOFORIGIN": 3943000.0, "NOFORIGIN": 3070000.0 }, "geometry": { "type": "Polygon", "coordinates": [ [ [ 4.653774993466198, 50.617512312767161 ], [ 4.65275211558231, 50.626474603587361 ], [ 4.666852635047956, 50.62712969843858 ], [ 4.667872840020031, 50.61816726385274 ], [ 4.653774993466198, 50.617512312767161 ] ] ] } },
{ "type": "Feature", "properties": { "CELLCODE": "1kmE3943N3077", "EOFORIGIN": 3943000.0, "NOFORIGIN": 3077000.0 }, "geometry": { "type": "Polygon", "coordinates": [ [ [ 4.646604624851452, 50.680247646265748 ], [ 4.64557833604985, 50.689209703443389 ], [ 4.659697601107451, 50.689865806626514 ], [ 4.660721208189008, 50.680903605189826 ], [ 4.646604624851452, 50.680247646265748 ] ] ] } },
{ "type": "Feature", "properties": { "CELLCODE": "1kmE3943N3083", "EOFORIGIN": 3943000.0, "NOFORIGIN": 3083000.0 }, "geometry": { "type": "Polygon", "coordinates": [ [ [ 4.640439556227649, 50.734019492424757 ], [ 4.639410330754902, 50.742981351168076 ], [ 4.653545712658362, 50.743638321391487 ], [ 4.654572248828074, 50.734676317964322 ], [ 4.640439556227649, 50.734019492424757 ] ] ] } },
{ "type": "Feature", "properties": { "CELLCODE": "1kmE3943N3085", "EOFORIGIN": 3943000.0, "NOFORIGIN": 3085000.0 }, "geometry": { "type": "Polygon", "coordinates": [ [ [ 4.638380614662784, 50.751943177003156 ], [ 4.637350407614979, 50.760904969976899 ], [ 4.65149117192579, 50.761562229780964 ], [ 4.652518687136085, 50.752600291981395 ], [ 4.638380614662784, 50.751943177003156 ] ] ] } },
{ "type": "Feature", "properties": { "CELLCODE": "1kmE3943N3086", "EOFORIGIN": 3943000.0, "NOFORIGIN": 3086000.0 }, "geometry": { "type": "Polygon", "coordinates": [ [ [ 4.637350407614979, 50.760904969976899 ], [ 4.636319709274869, 50.769866730136165 ], [ 4.650463166691707, 50.770524134837146 ], [ 4.65149117192579, 50.761562229780964 ], [ 4.637350407614979, 50.760904969976899 ] ] ] } },
{ "type": "Feature", "properties": { "CELLCODE": "1kmE3943N3087", "EOFORIGIN": 3943000.0, "NOFORIGIN": 3087000.0 }, "geometry": { "type": "Polygon", "coordinates": [ [ [ 4.636319709274869, 50.769866730136165 ], [ 4.635288519305518, 50.778828457527815 ], [ 4.649434671097756, 50.779486007196823 ], [ 4.650463166691707, 50.770524134837146 ], [ 4.636319709274869, 50.769866730136165 ] ] ] } },
{ "type": "Feature", "properties": { "CELLCODE": "1kmE3943N3088", "EOFORIGIN": 3943000.0, "NOFORIGIN": 3088000.0 }, "geometry": { "type": "Polygon", "coordinates": [ [ [ 4.635288519305518, 50.778828457527815 ], [ 4.634256837369676, 50.78779015219871 ], [ 4.648405684807544, 50.788447846906941 ], [ 4.649434671097756, 50.779486007196823 ], [ 4.635288519305518, 50.778828457527815 ] ] ] } },
{ "type": "Feature", "properties": { "CELLCODE": "1kmE3943N3089", "EOFORIGIN": 3943000.0, "NOFORIGIN": 3089000.0 }, "geometry": { "type": "Polygon", "coordinates": [ [ [ 4.634256837369676, 50.78779015219871 ], [ 4.633224663129786, 50.796751814195709 ], [ 4.647376207484371, 50.797409654014352 ], [ 4.648405684807544, 50.788447846906941 ], [ 4.634256837369676, 50.78779015219871 ] ] ] } },
{ "type": "Feature", "properties": { "CELLCODE": "1kmE3943N3090", "EOFORIGIN": 3943000.0, "NOFORIGIN": 3090000.0 }, "geometry": { "type": "Polygon", "coordinates": [ [ [ 4.633224663129786, 50.796751814195709 ], [ 4.632191996247974, 50.805713443565651 ], [ 4.646346238791217, 50.806371428565974 ], [ 4.647376207484371, 50.797409654014352 ], [ 4.633224663129786, 50.796751814195709 ] ] ] } },
{ "type": "Feature", "properties": { "CELLCODE": "1kmE3943N3091", "EOFORIGIN": 3943000.0, "NOFORIGIN": 3091000.0 }, "geometry": { "type": "Polygon", "coordinates": [ [ [ 4.632191996247974, 50.805713443565651 ], [ 4.631158836386049, 50.814675040355347 ], [ 4.645315778390756, 50.815333170608668 ], [ 4.646346238791217, 50.806371428565974 ], [ 4.632191996247974, 50.805713443565651 ] ] ] } },
{ "type": "Feature", "properties": { "CELLCODE": "1kmE3943N3092", "EOFORIGIN": 3943000.0, "NOFORIGIN": 3092000.0 }, "geometry": { "type": "Polygon", "coordinates": [ [ [ 4.631158836386049, 50.814675040355347 ], [ 4.630125183205515, 50.823636604611643 ], [ 4.644284825945343, 50.824294880189314 ], [ 4.645315778390756, 50.815333170608668 ], [ 4.631158836386049, 50.814675040355347 ] ] ] } },
{ "type": "Feature", "properties": { "CELLCODE": "1kmE3943N3093", "EOFORIGIN": 3943000.0, "NOFORIGIN": 3093000.0 }, "geometry": { "type": "Polygon", "coordinates": [ [ [ 4.630125183205515, 50.823636604611643 ], [ 4.629091036367552, 50.832598136381328 ], [ 4.643253381117024, 50.833256557354787 ], [ 4.644284825945343, 50.824294880189314 ], [ 4.630125183205515, 50.823636604611643 ] ] ] } },
{ "type": "Feature", "properties": { "CELLCODE": "1kmE3944N3072", "EOFORIGIN": 3944000.0, "NOFORIGIN": 3072000.0 }, "geometry": { "type": "Polygon", "coordinates": [ [ [ 4.665831945056109, 50.636092099576359 ], [ 4.664810769713046, 50.645054467313066 ], [ 4.678917000181212, 50.645708122806937 ], [ 4.679935499838498, 50.636745611538231 ], [ 4.665831945056109, 50.636092099576359 ] ] ] } },
{ "type": "Feature", "properties": { "CELLCODE": "1kmE3944N3078", "EOFORIGIN": 3944000.0, "NOFORIGIN": 3078000.0 }, "geometry": { "type": "Polygon", "coordinates": [ [ [ 4.659697601107451, 50.689865806626514 ], [ 4.658673506679563, 50.698827974944209 ], [ 4.672795817703994, 50.699482493107148 ], [ 4.673817228887128, 50.690520180835207 ], [ 4.659697601107451, 50.689865806626514 ] ] ] } },
{ "type": "Feature", "properties": { "CELLCODE": "1kmE3944N3085", "EOFORIGIN": 3944000.0, "NOFORIGIN": 3085000.0 }, "geometry": { "type": "Polygon", "coordinates": [ [ [ 4.652518687136085, 50.752600291981395 ], [ 4.65149117192579, 50.761562229780964 ], [ 4.665632301069507, 50.762217757601761 ], [ 4.666657124177585, 50.753255675353081 ], [ 4.652518687136085, 50.752600291981395 ] ] ] } },
{ "type": "Feature", "properties": { "CELLCODE": "1kmE3944N3089", "EOFORIGIN": 3944000.0, "NOFORIGIN": 3089000.0 }, "geometry": { "type": "Polygon", "coordinates": [ [ [ 4.648405684807544, 50.788447846906941 ], [ 4.647376207484371, 50.797409654014352 ], [ 4.661528117733147, 50.798065760340904 ], [ 4.662554897873915, 50.789103808500549 ], [ 4.648405684807544, 50.788447846906941 ] ] ] } },
{ "type": "Feature", "properties": { "CELLCODE": "1kmE3944N3092", "EOFORIGIN": 3944000.0, "NOFORIGIN": 3092000.0 }, "geometry": { "type": "Polygon", "coordinates": [ [ [ 4.645315778390756, 50.815333170608668 ], [ 4.644284825945343, 50.824294880189314 ], [ 4.658444835377911, 50.824951421141421 ], [ 4.659473086821772, 50.815989566614419 ], [ 4.645315778390756, 50.815333170608668 ] ] ] } },
{ "type": "Feature", "properties": { "CELLCODE": "1kmE3944N3094", "EOFORIGIN": 3944000.0, "NOFORIGIN": 3094000.0 }, "geometry": { "type": "Polygon", "coordinates": [ [ [ 4.643253381117024, 50.833256557354787 ], [ 4.642221443567526, 50.842218202151926 ], [ 4.65638685882836, 50.84287503321044 ], [ 4.657416092825909, 50.833913243324446 ], [ 4.643253381117024, 50.833256557354787 ] ] ] } },
{ "type": "Feature", "properties": { "CELLCODE": "1kmE3944N3095", "EOFORIGIN": 3944000.0, "NOFORIGIN": 3095000.0 }, "geometry": { "type": "Polygon", "coordinates": [ [ [ 4.642221443567526, 50.842218202151926 ], [ 4.641189012958268, 50.851179814627578 ], [ 4.655357133047538, 50.851836790846292 ], [ 4.65638685882836, 50.84287503321044 ], [ 4.642221443567526, 50.842218202151926 ] ] ] } },
{ "type": "Feature", "properties": { "CELLCODE": "1kmE3945N3076", "EOFORIGIN": 3945000.0, "NOFORIGIN": 3076000.0 }, "geometry": { "type": "Polygon", "coordinates": [ [ [ 4.675858593332674, 50.672595457098737 ], [ 4.674838153985874, 50.681557835514731 ], [ 4.68895546130462, 50.682210337169046 ], [ 4.689973219667866, 50.673247815314895 ], [ 4.675858593332674, 50.672595457098737 ] ] ] } },
{ "type": "Feature", "properties": { "CELLCODE": "1kmE3945N3084", "EOFORIGIN": 3945000.0, "NOFORIGIN": 3084000.0 }, "geometry": { "type": "Polygon", "coordinates": [ [ [ 4.667681458865553, 50.744293560384904 ], [ 4.666657124177585, 50.753255675353081 ], [ 4.68079592484448, 50.753909327046294 ], [ 4.68181756843435, 50.744947068076456 ], [ 4.667681458865553, 50.744293560384904 ] ] ] } },
{ "type": "Feature", "properties": { "CELLCODE": "1kmE3945N3088", "EOFORIGIN": 3945000.0, "NOFORIGIN": 3088000.0 }, "geometry": { "type": "Polygon", "coordinates": [ [ [ 4.663581188253052, 50.780141824128535 ], [ 4.662554897873915, 50.789103808500549 ], [ 4.676704475623285, 50.789758036907415 ], [ 4.677728069826579, 50.78079590825083 ], [ 4.663581188253052, 50.780141824128535 ] ] ] } },
{ "type": "Feature", "properties": { "CELLCODE": "1kmE3945N3089", "EOFORIGIN": 3945000.0, "NOFORIGIN": 3089000.0 }, "geometry": { "type": "Polygon", "coordinates": [ [ [ 4.662554897873915, 50.789103808500549 ], [ 4.661528117733147, 50.798065760340904 ], [ 4.675680392929938, 50.798720133103203 ], [ 4.676704475623285, 50.789758036907415 ], [ 4.662554897873915, 50.789103808500549 ] ] ] } },
{ "type": "Feature", "properties": { "CELLCODE": "1kmE3945N3092", "EOFORIGIN": 3945000.0, "NOFORIGIN": 3092000.0 }, "geometry": { "type": "Polygon", "coordinates": [ [ [ 4.659473086821772, 50.815989566614419 ], [ 4.658444835377911, 50.824951421141421 ], [ 4.672605210555005, 50.825606227395568 ], [ 4.673630760731566, 50.816644228300298 ], [ 4.659473086821772, 50.815989566614419 ] ] ] } },
{ "type": "Feature", "properties": { "CELLCODE": "1kmE3945N3094", "EOFORIGIN": 3945000.0, "NOFORIGIN": 3094000.0 }, "geometry": { "type": "Polygon", "coordinates": [ [ [ 4.657416092825909, 50.833913243324446 ], [ 4.65638685882836, 50.84287503321044 ], [ 4.67055264036596, 50.843530128814344 ], [ 4.67157917054532, 50.83456819421793 ], [ 4.657416092825909, 50.833913243324446 ] ] ] } },
{ "type": "Feature", "properties": { "CELLCODE": "1kmE3945N3095", "EOFORIGIN": 3945000.0, "NOFORIGIN": 3095000.0 }, "geometry": { "type": "Polygon", "coordinates": [ [ [ 4.65638685882836, 50.84287503321044 ], [ 4.655357133047538, 50.851836790846292 ], [ 4.669525619680064, 50.852492031231748 ], [ 4.67055264036596, 50.843530128814344 ], [ 4.65638685882836, 50.84287503321044 ] ] ] } },
{ "type": "Feature", "properties": { "CELLCODE": "1kmE3945N3096", "EOFORIGIN": 3945000.0, "NOFORIGIN": 3096000.0 }, "geometry": { "type": "Polygon", "coordinates": [ [ [ 4.655357133047538, 50.851836790846292 ], [ 4.654326915145406, 50.860798516278884 ], [ 4.668498108150461, 50.861453901517102 ], [ 4.669525619680064, 50.852492031231748 ], [ 4.655357133047538, 50.851836790846292 ] ] ] } },
{ "type": "Feature", "properties": { "CELLCODE": "1kmE3945N3115", "EOFORIGIN": 3945000.0, "NOFORIGIN": 3115000.0 }, "geometry": { "type": "Polygon", "coordinates": [ [ [ 4.635698452912872, 51.022104120712065 ], [ 4.63465882005869, 51.031065243180628 ], [ 4.648881678038699, 51.03172339421436 ], [ 4.649918580081016, 51.022762125530903 ], [ 4.635698452912872, 51.022104120712065 ] ] ] } },
{ "type": "Feature", "properties": { "CELLCODE": "1kmE3946N3075", "EOFORIGIN": 3946000.0, "NOFORIGIN": 3075000.0 }, "geometry": { "type": "Polygon", "coordinates": [ [ [ 4.690990493871795, 50.664285260388368 ], [ 4.689973219667866, 50.673247815314895 ], [ 4.704088206326134, 50.673898445164369 ], [ 4.705102800546061, 50.664935747244947 ], [ 4.690990493871795, 50.664285260388368 ] ] ] } },
{ "type": "Feature", "properties": { "CELLCODE": "1kmE3946N3076", "EOFORIGIN": 3946000.0, "NOFORIGIN": 3076000.0 }, "geometry": { "type": "Polygon", "coordinates": [ [ [ 4.689973219667866, 50.673247815314895 ], [ 4.68895546130462, 50.682210337169046 ], [ 4.703073129207623, 50.682861110081447 ], [ 4.704088206326134, 50.673898445164369 ], [ 4.689973219667866, 50.673247815314895 ] ] ] } },
{ "type": "Feature", "properties": { "CELLCODE": "1kmE3946N3077", "EOFORIGIN": 3946000.0, "NOFORIGIN": 3077000.0 }, "geometry": { "type": "Polygon", "coordinates": [ [ [ 4.68895546130462, 50.682210337169046 ], [ 4.687937218450773, 50.691172825997945 ], [ 4.702057568860092, 50.691823742043319 ], [ 4.703073129207623, 50.682861110081447 ], [ 4.68895546130462, 50.682210337169046 ] ] ] } },
{ "type": "Feature", "properties": { "CELLCODE": "1kmE3946N3078", "EOFORIGIN": 3946000.0, "NOFORIGIN": 3078000.0 }, "geometry": { "type": "Polygon", "coordinates": [ [ [ 4.687937218450773, 50.691172825997945 ], [ 4.686918490774731, 50.700135281848603 ], [ 4.701041524952801, 50.700786341097164 ], [ 4.702057568860092, 50.691823742043319 ], [ 4.687937218450773, 50.691172825997945 ] ] ] } },
{ "type": "Feature", "properties": { "CELLCODE": "1kmE3946N3080", "EOFORIGIN": 3946000.0, "NOFORIGIN": 3080000.0 }, "geometry": { "type": "Polygon", "coordinates": [ [ [ 4.685899277944591, 50.709097704768169 ], [ 4.684879579628153, 50.718060094803675 ], [ 4.699007985134425, 50.718711440669139 ], [ 4.700024997154697, 50.70974890729007 ], [ 4.685899277944591, 50.709097704768169 ] ] ] } },
{ "type": "Feature", "properties": { "CELLCODE": "1kmE3946N3084", "EOFORIGIN": 3946000.0, "NOFORIGIN": 3084000.0 }, "geometry": { "type": "Polygon", "coordinates": [ [ [ 4.68181756843435, 50.744947068076456 ], [ 4.68079592484448, 50.753909327046294 ], [ 4.694935088193773, 50.754561246989311 ], [ 4.695954040422428, 50.745598844394507 ], [ 4.68181756843435, 50.744947068076456 ] ] ] } },
{ "type": "Feature", "properties": { "CELLCODE": "1kmE3946N3088", "EOFORIGIN": 3946000.0, "NOFORIGIN": 3088000.0 }, "geometry": { "type": "Polygon", "coordinates": [ [ [ 4.677728069826579, 50.78079590825083 ], [ 4.676704475623285, 50.789758036907415 ], [ 4.690854417109959, 50.790410532055603 ], [ 4.691875314873317, 50.781448259491853 ], [ 4.677728069826579, 50.78079590825083 ] ] ] } },
{ "type": "Feature", "properties": { "CELLCODE": "1kmE3946N3096", "EOFORIGIN": 3946000.0, "NOFORIGIN": 3096000.0 }, "geometry": { "type": "Polygon", "coordinates": [ [ [ 4.669525619680064, 50.852492031231748 ], [ 4.668498108150461, 50.861453901517102 ], [ 4.682669667014381, 50.862107550470888 ], [ 4.683694471905403, 50.853145535711654 ], [ 4.669525619680064, 50.852492031231748 ] ] ] } },
{ "type": "Feature", "properties": { "CELLCODE": "1kmE3946N3099", "EOFORIGIN": 3946000.0, "NOFORIGIN": 3099000.0 }, "geometry": { "type": "Polygon", "coordinates": [ [ [ 4.666441611209859, 50.879377545879329 ], [ 4.665412625122945, 50.888339320050022 ], [ 4.679592311578331, 50.888993402852094 ], [ 4.680618587187937, 50.880031483994152 ], [ 4.666441611209859, 50.879377545879329 ] ] ] } },
{ "type": "Feature", "properties": { "CELLCODE": "1kmE3946N3100", "EOFORIGIN": 3946000.0, "NOFORIGIN": 3100000.0 }, "geometry": { "type": "Polygon", "coordinates": [ [ [ 4.665412625122945, 50.888339320050022 ], [ 4.664383146840487, 50.897301062276341 ], [ 4.678565545054483, 50.897955289836858 ], [ 4.679592311578331, 50.888993402852094 ], [ 4.665412625122945, 50.888339320050022 ] ] ] } },
{ "type": "Feature", "properties": { "CELLCODE": "1kmE3946N3105", "EOFORIGIN": 3946000.0, "NOFORIGIN": 3105000.0 }, "geometry": { "type": "Polygon", "coordinates": [ [ [ 4.660260304975571, 50.933147712675485 ], [ 4.659228360627897, 50.942109295883135 ], [ 4.6734243368849, 50.942764248305743 ], [ 4.674453563054413, 50.933802519982869 ], [ 4.660260304975571, 50.933147712675485 ] ] ] } },
{ "type": "Feature", "properties": { "CELLCODE": "1kmE3946N3115", "EOFORIGIN": 3946000.0, "NOFORIGIN": 3115000.0 }, "geometry": { "type": "Polygon", "coordinates": [ [ [ 4.649918580081016, 51.022762125530903 ], [ 4.648881678038699, 51.03172339421436 ], [ 4.663104906979877, 51.032379801730421 ], [ 4.664139077939532, 51.023418387214413 ], [ 4.649918580081016, 51.022762125530903 ] ] ] } },
{ "type": "Feature", "properties": { "CELLCODE": "1kmE3947N3077", "EOFORIGIN": 3947000.0, "NOFORIGIN": 3077000.0 }, "geometry": { "type": "Polygon", "coordinates": [ [ [ 4.703073129207623, 50.682861110081447 ], [ 4.702057568860092, 50.691823742043319 ], [ 4.716178279176609, 50.692472928900258 ], [ 4.717191156757068, 50.683510154180809 ], [ 4.703073129207623, 50.682861110081447 ] ] ] } },
{ "type": "Feature", "properties": { "CELLCODE": "1kmE3947N3079", "EOFORIGIN": 3947000.0, "NOFORIGIN": 3079000.0 }, "geometry": { "type": "Polygon", "coordinates": [ [ [ 4.701041524952801, 50.700786341097164 ], [ 4.700024997154697, 50.70974890729007 ], [ 4.714151076794222, 50.710398379872032 ], [ 4.715164919299059, 50.701435670781613 ], [ 4.701041524952801, 50.700786341097164 ] ] ] } },
{ "type": "Feature", "properties": { "CELLCODE": "1kmE3947N3082", "EOFORIGIN": 3947000.0, "NOFORIGIN": 3082000.0 }, "geometry": { "type": "Polygon", "coordinates": [ [ [ 4.69799048856032, 50.727673941281516 ], [ 4.696972507100414, 50.73663640917426 ], [ 4.711106650209384, 50.73728631086928 ], [ 4.71212194258035, 50.728323699868717 ], [ 4.69799048856032, 50.727673941281516 ] ] ] } },
{ "type": "Feature", "properties": { "CELLCODE": "1kmE3947N3083", "EOFORIGIN": 3947000.0, "NOFORIGIN": 3083000.0 }, "geometry": { "type": "Polygon", "coordinates": [ [ [ 4.696972507100414, 50.73663640917426 ], [ 4.695954040422428, 50.745598844394507 ], [ 4.710090873887271, 50.746248889267527 ], [ 4.711106650209384, 50.73728631086928 ], [ 4.696972507100414, 50.73663640917426 ] ] ] } },
{ "type": "Feature", "properties": { "CELLCODE": "1kmE3947N3084", "EOFORIGIN": 3947000.0, "NOFORIGIN": 3084000.0 }, "geometry": { "type": "Polygon", "coordinates": [ [ [ 4.695954040422428, 50.745598844394507 ], [ 4.694935088193773, 50.754561246989311 ], [ 4.709074613282277, 50.755211435110603 ], [ 4.710090873887271, 50.746248889267527 ], [ 4.695954040422428, 50.745598844394507 ] ] ] } },
{ "type": "Feature", "properties": { "CELLCODE": "1kmE3947N3088", "EOFORIGIN": 3947000.0, "NOFORIGIN": 3088000.0 }, "geometry": { "type": "Polygon", "coordinates": [ [ [ 4.691875314873317, 50.781448259491853 ], [ 4.690854417109959, 50.790410532055603 ], [ 4.705004721388044, 50.791061293873348 ], [ 4.706022922448054, 50.782098877779866 ], [ 4.691875314873317, 50.781448259491853 ] ] ] } },
{ "type": "Feature", "properties": { "CELLCODE": "1kmE3947N3097", "EOFORIGIN": 3947000.0, "NOFORIGIN": 3097000.0 }, "geometry": { "type": "Polygon", "coordinates": [ [ [ 4.682669667014381, 50.862107550470888 ], [ 4.681644372220871, 50.871069533216073 ], [ 4.695819004175253, 50.871721589979103 ], [ 4.696841590785848, 50.862759463068066 ], [ 4.682669667014381, 50.862107550470888 ] ] ] } },
{ "type": "Feature", "properties": { "CELLCODE": "1kmE3947N3099", "EOFORIGIN": 3947000.0, "NOFORIGIN": 3099000.0 }, "geometry": { "type": "Polygon", "coordinates": [ [ [ 4.680618587187937, 50.880031483994152 ], [ 4.679592311578331, 50.888993402852094 ], [ 4.693772363738866, 50.889645748159701 ], [ 4.694795928605055, 50.880683684993997 ], [ 4.680618587187937, 50.880031483994152 ] ] ] } },
{ "type": "Feature", "properties": { "CELLCODE": "1kmE3948N3071", "EOFORIGIN": 3948000.0, "NOFORIGIN": 3071000.0 }, "geometry": { "type": "Polygon", "coordinates": [ [ [ 4.72325831245366, 50.629732813621153 ], [ 4.722248321738634, 50.638695786360323 ], [ 4.736353311774756, 50.639342390710382 ], [ 4.737360627022296, 50.630379276006792 ], [ 4.72325831245366, 50.629732813621153 ] ] ] } },
{ "type": "Feature", "properties": { "CELLCODE": "1kmE3948N3080", "EOFORIGIN": 3948000.0, "NOFORIGIN": 3080000.0 }, "geometry": { "type": "Polygon", "coordinates": [ [ [ 4.714151076794222, 50.710398379872032 ], [ 4.713136751331588, 50.719361056218681 ], [ 4.727265877278962, 50.720008941381145 ], [ 4.728277515923152, 50.711046122442966 ], [ 4.714151076794222, 50.710398379872032 ] ] ] } },
{ "type": "Feature", "properties": { "CELLCODE": "1kmE3948N3085", "EOFORIGIN": 3948000.0, "NOFORIGIN": 3085000.0 }, "geometry": { "type": "Polygon", "coordinates": [ [ [ 4.709074613282277, 50.755211435110603 ], [ 4.708057868062357, 50.764173948445595 ], [ 4.722200447101004, 50.764822547615381 ], [ 4.723214499166613, 50.755859891338794 ], [ 4.709074613282277, 50.755211435110603 ] ] ] } },
{ "type": "Feature", "properties": { "CELLCODE": "1kmE3948N3086", "EOFORIGIN": 3948000.0, "NOFORIGIN": 3086000.0 }, "geometry": { "type": "Polygon", "coordinates": [ [ [ 4.708057868062357, 50.764173948445595 ], [ 4.70704063789517, 50.773136429319656 ], [ 4.72118591135786, 50.773785171501196 ], [ 4.722200447101004, 50.764822547615381 ], [ 4.708057868062357, 50.764173948445595 ] ] ] } },
{ "type": "Feature", "properties": { "CELLCODE": "1kmE3948N3087", "EOFORIGIN": 3948000.0, "NOFORIGIN": 3087000.0 }, "geometry": { "type": "Polygon", "coordinates": [ [ [ 4.70704063789517, 50.773136429319656 ], [ 4.706022922448054, 50.782098877779866 ], [ 4.720170891605384, 50.782747763043368 ], [ 4.72118591135786, 50.773785171501196 ], [ 4.70704063789517, 50.773136429319656 ] ] ] } },
{ "type": "Feature", "properties": { "CELLCODE": "1kmE3948N3099", "EOFORIGIN": 3948000.0, "NOFORIGIN": 3099000.0 }, "geometry": { "type": "Polygon", "coordinates": [ [ [ 4.694795928605055, 50.880683684993997 ], [ 4.693772363738866, 50.889645748159701 ], [ 4.707952780650994, 50.890296355900659 ], [ 4.70897363450833, 50.881334148806701 ], [ 4.694795928605055, 50.880683684993997 ] ] ] } },
{ "type": "Feature", "properties": { "CELLCODE": "1kmE3948N3108", "EOFORIGIN": 3948000.0, "NOFORIGIN": 3108000.0 }, "geometry": { "type": "Polygon", "coordinates": [ [ [ 4.685566189684124, 50.961341112554415 ], [ 4.684538205964951, 50.970302891191885 ], [ 4.698743079741958, 50.970954797480985 ], [ 4.699768340884796, 50.961992874275907 ], [ 4.685566189684124, 50.961341112554415 ] ] ] } },
{ "type": "Feature", "properties": { "CELLCODE": "1kmE3948N3116", "EOFORIGIN": 3948000.0, "NOFORIGIN": 3116000.0 }, "geometry": { "type": "Polygon", "coordinates": [ [ [ 4.677328505917844, 51.033034465655582 ], [ 4.676296571248233, 51.041995994570506 ], [ 4.690523272136358, 51.042649059971005 ], [ 4.69155247388802, 51.033687385916771 ], [ 4.677328505917844, 51.033034465655582 ] ] ] } },
{ "type": "Feature", "properties": { "CELLCODE": "1kmE3949N3078", "EOFORIGIN": 3949000.0, "NOFORIGIN": 3078000.0 }, "geometry": { "type": "Polygon", "coordinates": [ [ [ 4.730299348461646, 50.693120386497718 ], [ 4.729288672874162, 50.702083270830897 ], [ 4.74341278473858, 50.702729141174181 ], [ 4.744420775776349, 50.693766114764919 ], [ 4.730299348461646, 50.693120386497718 ] ] ] } },
{ "type": "Feature", "properties": { "CELLCODE": "1kmE3949N3082", "EOFORIGIN": 3949000.0, "NOFORIGIN": 3082000.0 }, "geometry": { "type": "Polygon", "coordinates": [ [ [ 4.726253756611632, 50.728971727692603 ], [ 4.725241153590895, 50.737934481424574 ], [ 4.739376016302728, 50.738580920769088 ], [ 4.740385929712623, 50.729618024682175 ], [ 4.726253756611632, 50.728971727692603 ] ] ] } },
{ "type": "Feature", "properties": { "CELLCODE": "1kmE3949N3087", "EOFORIGIN": 3949000.0, "NOFORIGIN": 3087000.0 }, "geometry": { "type": "Polygon", "coordinates": [ [ [ 4.72118591135786, 50.773785171501196 ], [ 4.720170891605384, 50.782747763043368 ], [ 4.734319221399721, 50.783394915211019 ], [ 4.735331545195739, 50.774432180964254 ], [ 4.72118591135786, 50.773785171501196 ] ] ] } },
{ "type": "Feature", "properties": { "CELLCODE": "1kmE3949N3088", "EOFORIGIN": 3949000.0, "NOFORIGIN": 3088000.0 }, "geometry": { "type": "Polygon", "coordinates": [ [ [ 4.720170891605384, 50.782747763043368 ], [ 4.719155387511464, 50.791710322289049 ], [ 4.733306414533955, 50.79235761723136 ], [ 4.734319221399721, 50.783394915211019 ], [ 4.720170891605384, 50.782747763043368 ] ] ] } },
{ "type": "Feature", "properties": { "CELLCODE": "1kmE3949N3097", "EOFORIGIN": 3949000.0, "NOFORIGIN": 3097000.0 }, "geometry": { "type": "Polygon", "coordinates": [ [ [ 4.711013878513351, 50.8634096392366 ], [ 4.709994000350609, 50.872371909934358 ], [ 4.724169359794553, 50.873020493009953 ], [ 4.725186529245184, 50.864058078904677 ], [ 4.711013878513351, 50.8634096392366 ] ] ] } },
{ "type": "Feature", "properties": { "CELLCODE": "1kmE3949N3100", "EOFORIGIN": 3949000.0, "NOFORIGIN": 3100000.0 }, "geometry": { "type": "Polygon", "coordinates": [ [ [ 4.707952780650994, 50.890296355900659 ], [ 4.706931438442772, 50.899258531263342 ], [ 4.721114931708381, 50.899907544985034 ], [ 4.722133561360959, 50.890945226003041 ], [ 4.707952780650994, 50.890296355900659 ] ] ] } },
{ "type": "Feature", "properties": { "CELLCODE": "1kmE3949N3101", "EOFORIGIN": 3949000.0, "NOFORIGIN": 3101000.0 }, "geometry": { "type": "Polygon", "coordinates": [ [ [ 4.706931438442772, 50.899258531263342 ], [ 4.705909607547516, 50.908220674941724 ], [ 4.720095814651684, 50.908869832353481 ], [ 4.721114931708381, 50.899907544985034 ], [ 4.706931438442772, 50.899258531263342 ] ] ] } },
{ "type": "Feature", "properties": { "CELLCODE": "1kmE3949N3102", "EOFORIGIN": 3949000.0, "NOFORIGIN": 3102000.0 }, "geometry": { "type": "Polygon", "coordinates": [ [ [ 4.705909607547516, 50.908220674941724 ], [ 4.704887287628774, 50.917182786982877 ], [ 4.719076209855282, 50.917832088155457 ], [ 4.720095814651684, 50.908869832353481 ], [ 4.705909607547516, 50.908220674941724 ] ] ] } },
{ "type": "Feature", "properties": { "CELLCODE": "1kmE3949N3103", "EOFORIGIN": 3949000.0, "NOFORIGIN": 3103000.0 }, "geometry": { "type": "Polygon", "coordinates": [ [ [ 4.704887287628774, 50.917182786982877 ], [ 4.703864478349773, 50.926144867433841 ], [ 4.71805611698327, 50.92679431243802 ], [ 4.719076209855282, 50.917832088155457 ], [ 4.704887287628774, 50.917182786982877 ] ] ] } },
{ "type": "Feature", "properties": { "CELLCODE": "1kmE3950N3081", "EOFORIGIN": 3950000.0, "NOFORIGIN": 3081000.0 }, "geometry": { "type": "Polygon", "coordinates": [ [ [ 4.741395362035673, 50.720655096085558 ], [ 4.740385929712623, 50.729618024682175 ], [ 4.754518460941594, 50.730262590766607 ], [ 4.755525204660663, 50.721299520261169 ], [ 4.741395362035673, 50.720655096085558 ] ] ] } },
{ "type": "Feature", "properties": { "CELLCODE": "1kmE3950N3082", "EOFORIGIN": 3950000.0, "NOFORIGIN": 3082000.0 }, "geometry": { "type": "Polygon", "coordinates": [ [ [ 4.740385929712623, 50.729618024682175 ], [ 4.739376016302728, 50.738580920769088 ], [ 4.753511237402477, 50.739225628831925 ], [ 4.754518460941594, 50.730262590766607 ], [ 4.740385929712623, 50.729618024682175 ] ] ] } },
{ "type": "Feature", "properties": { "CELLCODE": "1kmE3950N3086", "EOFORIGIN": 3950000.0, "NOFORIGIN": 3086000.0 }, "geometry": { "type": "Polygon", "coordinates": [ [ [ 4.736343386253257, 50.765469414443899 ], [ 4.735331545195739, 50.774432180964254 ], [ 4.749477538463694, 50.775077457637749 ], [ 4.750486684574687, 50.766114548860081 ], [ 4.736343386253257, 50.765469414443899 ] ] ] } },
{ "type": "Feature", "properties": { "CELLCODE": "1kmE3950N3087", "EOFORIGIN": 3950000.0, "NOFORIGIN": 3087000.0 }, "geometry": { "type": "Polygon", "coordinates": [ [ [ 4.735331545195739, 50.774432180964254 ], [ 4.734319221399721, 50.783394915211019 ], [ 4.748467910885282, 50.784040334211674 ], [ 4.749477538463694, 50.775077457637749 ], [ 4.735331545195739, 50.774432180964254 ] ] ] } },
{ "type": "Feature", "properties": { "CELLCODE": "1kmE3950N3088", "EOFORIGIN": 3950000.0, "NOFORIGIN": 3088000.0 }, "geometry": { "type": "Polygon", "coordinates": [ [ [ 4.734319221399721, 50.783394915211019 ], [ 4.733306414533955, 50.79235761723136 ], [ 4.747457801509054, 50.793003178629057 ], [ 4.748467910885282, 50.784040334211674 ], [ 4.734319221399721, 50.783394915211019 ] ] ] } },
{ "type": "Feature", "properties": { "CELLCODE": "1kmE3950N3096", "EOFORIGIN": 3950000.0, "NOFORIGIN": 3096000.0 }, "geometry": { "type": "Polygon", "coordinates": [ [ [ 4.726203212630931, 50.855095632997404 ], [ 4.725186529245184, 50.864058078904677 ], [ 4.739359542029452, 50.864704782000665 ], [ 4.740373517719204, 50.855742193135477 ], [ 4.726203212630931, 50.855095632997404 ] ] ] } },
{ "type": "Feature", "properties": { "CELLCODE": "1kmE3950N3100", "EOFORIGIN": 3950000.0, "NOFORIGIN": 3100000.0 }, "geometry": { "type": "Polygon", "coordinates": [ [ [ 4.722133561360959, 50.890945226003041 ], [ 4.721114931708381, 50.899907544985034 ], [ 4.735298788082195, 50.90055482061652 ], [ 4.73631470491482, 50.891592358394981 ], [ 4.722133561360959, 50.890945226003041 ] ] ] } },
{ "type": "Feature", "properties": { "CELLCODE": "1kmE3950N3102", "EOFORIGIN": 3950000.0, "NOFORIGIN": 3102000.0 }, "geometry": { "type": "Polygon", "coordinates": [ [ [ 4.720095814651684, 50.908869832353481 ], [ 4.719076209855282, 50.917832088155457 ], [ 4.733265495719346, 50.918479650477622 ], [ 4.734282385128611, 50.909517251295014 ], [ 4.720095814651684, 50.908869832353481 ] ] ] } },
{ "type": "Feature", "properties": { "CELLCODE": "1kmE3950N3103", "EOFORIGIN": 3950000.0, "NOFORIGIN": 3103000.0 }, "geometry": { "type": "Polygon", "coordinates": [ [ [ 4.719076209855282, 50.917832088155457 ], [ 4.71805611698327, 50.92679431243802 ], [ 4.73224811951937, 50.927442018211437 ], [ 4.733265495719346, 50.918479650477622 ], [ 4.719076209855282, 50.917832088155457 ] ] ] } },
{ "type": "Feature", "properties": { "CELLCODE": "1kmE3951N3081", "EOFORIGIN": 3951000.0, "NOFORIGIN": 3081000.0 }, "geometry": { "type": "Polygon", "coordinates": [ [ [ 4.755525204660663, 50.721299520261169 ], [ 4.754518460941594, 50.730262590766607 ], [ 4.768651349356619, 50.73090542587525 ], [ 4.769655404212682, 50.721942213837394 ], [ 4.755525204660663, 50.721299520261169 ] ] ] } },
{ "type": "Feature", "properties": { "CELLCODE": "1kmE3951N3087", "EOFORIGIN": 3951000.0, "NOFORIGIN": 3087000.0 }, "geometry": { "type": "Polygon", "coordinates": [ [ [ 4.749477538463694, 50.775077457637749 ], [ 4.748467910885282, 50.784040334211674 ], [ 4.762616959116093, 50.784684019974364 ], [ 4.763623890216436, 50.775721001450769 ], [ 4.749477538463694, 50.775077457637749 ] ] ] } },
{ "type": "Feature", "properties": { "CELLCODE": "1kmE3951N3100", "EOFORIGIN": 3951000.0, "NOFORIGIN": 3100000.0 }, "geometry": { "type": "Polygon", "coordinates": [ [ [ 4.73631470491482, 50.891592358394981 ], [ 4.735298788082195, 50.90055482061652 ], [ 4.749483006609388, 50.901200358086101 ], [ 4.750496210358433, 50.892237753004892 ], [ 4.73631470491482, 50.891592358394981 ] ] ] } },
{ "type": "Feature", "properties": { "CELLCODE": "1kmE3951N3103", "EOFORIGIN": 3951000.0, "NOFORIGIN": 3103000.0 }, "geometry": { "type": "Polygon", "coordinates": [ [ [ 4.733265495719346, 50.918479650477622 ], [ 4.73224811951937, 50.927442018211437 ], [ 4.746440485001195, 50.928087984682271 ], [ 4.747455144264777, 50.919125473877621 ], [ 4.733265495719346, 50.918479650477622 ] ] ] } },
{ "type": "Feature", "properties": { "CELLCODE": "1kmE3952N3087", "EOFORIGIN": 3952000.0, "NOFORIGIN": 3087000.0 }, "geometry": { "type": "Polygon", "coordinates": [ [ [ 4.763623890216436, 50.775721001450769 ], [ 4.762616959116093, 50.784684019974364 ], [ 4.776766365145998, 50.785325972428303 ], [ 4.777770599508481, 50.776362812332572 ], [ 4.763623890216436, 50.775721001450769 ] ] ] } },
{ "type": "Feature", "properties": { "CELLCODE": "1kmE3954N3097", "EOFORIGIN": 3954000.0, "NOFORIGIN": 3097000.0 }, "geometry": { "type": "Polygon", "coordinates": [ [ [ 4.781880743175035, 50.866634471142554 ], [ 4.780874411201765, 50.875597455084758 ], [ 4.795051572696152, 50.876237352690467 ], [ 4.796055194646267, 50.867274227237559 ], [ 4.781880743175035, 50.866634471142554 ] ] ] } },
{ "type": "Feature", "properties": { "CELLCODE": "1kmE3954N3112", "EOFORIGIN": 3954000.0, "NOFORIGIN": 3112000.0 }, "geometry": { "type": "Polygon", "coordinates": [ [ [ 4.766735078533204, 51.001075946970396 ], [ 4.765721492511633, 51.010038463759116 ], [ 4.779939458624071, 51.010680492409328 ], [ 4.780950315308102, 51.001717833060191 ], [ 4.766735078533204, 51.001075946970396 ] ] ] } },
{ "type": "Feature", "properties": { "CELLCODE": "1kmE3957N3111", "EOFORIGIN": 3957000.0, "NOFORIGIN": 3111000.0 }, "geometry": { "type": "Polygon", "coordinates": [ [ [ 4.810386786708321, 50.994033403323726 ], [ 4.809381871548458, 51.002996377249247 ], [ 4.823598189087011, 51.003633035206043 ], [ 4.824600375414461, 50.994669919936932 ], [ 4.810386786708321, 50.994033403323726 ] ] ] } }
]
}
